Vᵢᵢ,Ʌᵢᵢ,Ƹᵢⱼ,Ʒᵢⱼ,γ1,γ3,n_data,raw_ssr_sum,raw_neglogprob_sum,param_penalty_sum,loss_final_sum
1.0,1.0,1.0,0.5084682051568061,0.0001,1.99999999,59,8.869055537964476,28.002273483303803,1.6781638051491852,29.68043728845299
1.0,1.0,1.0,0.5084682151568062,0.0001,2.0,59,8.869055538209723,28.002273484145363,1.6781638274020412,29.6804373115474
1.0,1.0,1.0,0.5084682051568061,0.0001,2.0,59,8.869055539028228,28.00227348614924,1.6781638051521346,29.680437291301367
1.0,1.0,0.99999999,0.5084682051568061,0.0001,2.0,59,8.869055539456195,28.00227348740407,1.6781637829022282,29.680437270306296
0.99999999,1.0,1.0,0.5084682051568061,0.0001,2.0,59,8.869055546080896,28.002273508151177,1.6781638051521346,29.680437313303305
1.0,0.99999999,1.0,0.5084682051568061,0.0001,2.0,59,8.869055546080896,28.002273508151177,1.6781638051521346,29.680437313303305
1.0,1.0,1.0,0.5084682051568061,0.00010001,2.0,59,8.86905555955292,28.00227355049489,1.6781638051550847,29.68043735564998
1.0,1.0,0.6056365592752854,0.15516222681475303,0.0001,1.7984783344983581,59,8.904100288851822,28.092823564892058,0.4867176735924527,28.579541238484506
1.0,1.0,0.6056365692752854,0.15516221681475303,0.0001,1.7984783344983581,59,8.90410028937884,28.092823565926984,0.48671767359245277,28.579541239519443
1.0,1.0,0.6056365592752854,0.15516221681475303,0.0001,1.7984783344983581,59,8.904100289930016,28.092823567533905,0.48671766237067066,28.57954122990458
1.0,1.0,0.6056365592752854,0.15516221681475303,0.0001,1.798478344498358,59,8.904100290546747,28.09282356923422,0.48671765642873155,28.579541225662947
1.0,0.99999999,0.6056365592752854,0.15516221681475303,0.0001,1.7984783344983581,59,8.904100297055674,28.09282358953241,0.4867176623706708,28.579541251903084
0.99999999,1.0,0.6056365592752854,0.15516221681475303,0.0001,1.7984783344983581,59,8.904100297055674,28.09282358953241,0.4867176623706708,28.579541251903084
1.0,1.0,0.6056365592752854,0.15516221681475303,0.00010001,1.7984783344983581,59,8.904100310697423,28.092823631790083,0.48671765642873155,28.579541288218806
1.0,1.0,0.2717237430712076,0.15915451789581558,0.0001,1.9925016217892266,59,8.929483791075453,28.16479033034823,0.13700209148352077,28.30179242183175
1.0,1.0,0.2717237579723688,0.1591545029946544,0.0001,1.9925016217892266,59,8.929483791631721,28.164790331426996,0.13700209148352077,28.301792422910516
1.0,1.0,0.2717237430712076,0.1591545029946544,0.0001,1.9925016217892266,59,8.929483792311034,28.164790333379294,0.13700208201315597,28.30179241539245
1.0,1.0,0.2717237430712076,0.1591545029946544,0.0001,1.9925016514798144,59,8.929483793269133,28.16479033590962,0.13700208136515377,28.301792417274775
1.0,0.9999999850988388,0.2717237430712076,0.1591545029946544,0.0001,1.9925016217892266,59,8.929483803259803,28.164790366819044,0.1370020820131561,28.301792448832202
0.9999999850988388,1.0,0.2717237430712076,0.1591545029946544,0.0001,1.9925016217892266,59,8.929483803259803,28.164790366819044,0.1370020820131561,28.3017924488322
1.0,1.0,0.2717237430712076,0.1591545029946544,0.00010001490116119385,1.9925016217892266,59,8.929483824223169,28.164790430992127,0.13700208168793523,28.301792512680056
1.0,1.0,-0.6938786476622889,0.6668178661670118,0.0001,1.9620258853102295,59,8.932727521660935,28.191678424818804,1.3675933761572818,29.559271800976095
1.0,1.0,-0.6938786376622889,0.6668178561670117,0.0001,1.9620258853102295,59,8.932727521991959,28.191678425424573,1.3675933360167343,29.559271761441313
1.0,1.0,-0.6938786476622889,0.6668178561670117,0.0001,1.9620258853102295,59,8.932727522507186,28.191678426871423,1.3675933560870082,29.559271782958437
1.0,1.0,-0.6938786476622889,0.6668178561670117,0.0001,1.9620258953102294,59,8.932727522834993,28.19167842748156,1.3675933549697217,29.559271782451287
0.99999999,1.0,-0.6938786476622889,0.6668178561670117,0.0001,1.9620258853102295,59,8.932727530364776,28.19167845060774,1.3675933560870082,29.559271806694746
1.0,0.99999999,-0.6938786476622889,0.6668178561670117,0.0001,1.9620258853102295,59,8.932727530364776,28.19167845060774,1.3675933560870082,29.559271806694746
1.0,1.0,-0.6938786476622889,0.6668178561670117,0.00010001,1.9620258853102295,59,8.932727545339652,28.191678496221733,1.3675933549697217,29.55927185119145
1.0,1.0,-0.5008819992673312,0.4871325258988418,0.0001,1.9657720005547026,59,8.93822246163699,28.20118512260227,0.721645330190816,28.92283045279309
1.0,1.0,-0.5008819892673312,0.4871325158988418,0.0001,1.9657720005547026,59,8.938222461980857,28.201185123244116,0.7216453010443878,28.922830424288502
1.0,1.0,-0.5008819992673312,0.4871325158988418,0.0001,1.9657720005547026,59,8.938222462484365,28.201185124664434,0.7216453156176017,28.92283044028204
1.0,1.0,-0.5008819992673312,0.4871325158988418,0.0001,1.9657720105547025,59,8.938222462735583,28.20118512514327,0.7216453146108258,28.922830439754094
0.99999999,1.0,-0.5008819992673312,0.4871325158988418,0.0001,1.9657720005547026,59,8.938222470227185,28.201185148078814,0.7216453156176018,28.922830463696414
1.0,0.99999999,-0.5008819992673312,0.4871325158988418,0.0001,1.9657720005547026,59,8.938222470227185,28.201185148078814,0.7216453156176018,28.922830463696414
1.0,1.0,-0.5008819992673312,0.4871325158988418,0.00010001,1.9657720005547026,59,8.938222485005575,28.20118519304381,0.7216453146108258,28.922830507654627
1.0,1.0,-0.21774347951134687,0.29093773877993495,0.0001,1.947477248739997,59,8.940454793893991,28.20121983465286,0.1948864927619589,28.396106327414817
1.0,1.0,-0.21774346951134688,0.29093772877993496,0.0001,1.947477248739997,59,8.940454794266676,28.201219835363496,0.19488647775586307,28.39610631311936
1.0,1.0,-0.21774347951134687,0.29093772877993496,0.0001,1.947477248739997,59,8.940454794768284,28.201219836788084,0.19488648525891086,28.396106322046986
1.0,1.0,-0.21774347951134687,0.29093772877993496,0.0001,1.9474772587399969,59,8.940454794978344,28.201219837239854,0.19488648371243988,28.396106320952292
1.0,0.99999999,-0.21774347951134687,0.29093772877993496,0.0001,1.947477248739997,59,8.940454802358998,28.201219859799636,0.19488648525891097,28.396106345058545
0.99999999,1.0,-0.21774347951134687,0.29093772877993496,0.0001,1.947477248739997,59,8.940454802358998,28.201219859799636,0.19488648525891097,28.396106345058545
1.0,1.0,-0.21774347951134687,0.29093772877993496,0.00010001,1.947477248739997,59,8.940454816870814,28.20121990396479,0.19488648371243988,28.396106387677225
1.0,1.0,0.049549687563507666,0.10584933025557507,0.0001,1.9910424321622553,59,8.944098359311587,28.20485250292876,0.017925503719412865,28.222778006648173
1.0,1.0,0.04954970246466886,0.10584931535441387,0.0001,1.9910424321622553,59,8.944098359856822,28.204852503986356,0.017925503719412865,28.222778007705763
1.0,1.0,0.049549687563507666,0.10584931535441387,0.0001,1.9910424321622553,59,8.94409836054915,28.20485250596439,0.017925500303864954,28.222778006268257
1.0,1.0,0.049549687563507666,0.10584931535441387,0.0001,1.9910424618310996,59,8.944098360977696,28.20485250704246,0.01792549952862454,28.222778006571087
0.9999999850988388,1.0,0.049549687563507666,0.10584931535441387,0.0001,1.9910424321622553,59,8.944098371643046,28.204852539661623,0.017925500303865114,28.222778039965494
1.0,0.9999999850988388,0.049549687563507666,0.10584931535441387,0.0001,1.9910424321622553,59,8.944098371643044,28.204852539661623,0.017925500303865114,28.22277803996549
1.0,1.0,0.049549687563507666,0.10584931535441387,0.00010001490116119385,1.9910424321622553,59,8.944098392890035,28.204852604291155,0.01792549991450055,28.22277810420566
1.0,1.0,0.07820897722606375,0.06875742022517854,0.0001,1.9963856995775615,59,8.945914208666906,28.208779411815176,0.015947569163602182,28.224726980978772
1.0,1.0,0.07820898722606374,0.06875741022517855,0.0001,1.9963856995775615,59,8.945914209031967,28.20877941252529,0.015947569163602182,28.22472698168889
1.0,1.0,0.07820897722606375,0.06875741022517855,0.0001,1.9963856995775615,59,8.945914209492386,28.20877941384143,0.01594756699584789,28.224726980837282
1.0,1.0,0.07820897722606375,0.06875741022517855,0.0001,1.9963857095775615,59,8.945914209610665,28.208779414148175,0.01594756689217618,28.22472698104036
0.99999999,1.0,0.07820897722606375,0.06875741022517855,0.0001,1.9963856995775615,59,8.945914216921718,28.208779436404384,0.015947566995847963,28.224727003400233
1.0,0.99999999,0.07820897722606375,0.06875741022517855,0.0001,1.9963856995775615,59,8.945914216921718,28.20877943640439,0.015947566995847963,28.22472700340023
1.0,1.0,0.07820897722606375,0.06875741022517855,0.00010001,1.9963856995775615,59,8.945914231154848,28.208779479672046,0.01594756689217618,28.224727046564226
1.0,1.0,-0.26894524767398015,0.28901988973508724,0.0001,1.9766041042592926,59,8.943699638515154,28.20995355144619,0.2304027379094744,28.44035628935567
1.0,1.0,-0.26894523767398015,0.28901987973508725,0.0001,1.9766041042592926,59,8.943699638869928,28.209953552121867,0.2304027214495032,28.440356273571375
1.0,1.0,-0.26894524767398015,0.28901987973508725,0.0001,1.9766041042592926,59,8.94369963935615,28.209953553500792,0.2304027296794887,28.440356283180286
1.0,1.0,-0.26894524767398015,0.28901987973508725,0.0001,1.9766041142592925,59,8.943699639525251,28.20995355384345,0.2304027289922599,28.4403562828357
1.0,0.99999999,-0.26894524767398015,0.28901987973508725,0.0001,1.9766041042592926,59,8.943699646966005,28.209953576543974,0.23040272967948874,28.44035630622346
0.99999999,1.0,-0.26894524767398015,0.28901987973508725,0.0001,1.9766041042592926,59,8.943699646966005,28.209953576543974,0.23040272967948874,28.44035630622346
1.0,1.0,-0.26894524767398015,0.28901987973508725,0.00010001,1.9766041042592926,59,8.943699661515858,28.209953620763443,0.2304027289922599,28.440356349755707
1.0,1.0,0.01457483359899399,0.09745797623807685,0.0001,1.9908127251247112,59,8.94641977227795,28.21120219267278,0.009378424361864198,28.220580617034635
1.0,1.0,0.014574848500155184,0.09745796133691566,0.0001,1.9908127251247112,59,8.946419772821423,28.211202193727008,0.009378424361864198,28.220580618088864
1.0,1.0,0.01457483359899399,0.09745796133691566,0.0001,1.9908127251247112,59,8.94641977351582,28.211202195709117,0.009378421899471398,28.220580617608583
1.0,1.0,0.01457483359899399,0.09745796133691566,0.0001,1.9908127547901324,59,8.946419773859823,28.211202196556222,0.00937842110421808,28.22058061766045
0.9999999850988388,1.0,0.01457483359899399,0.09745796133691566,0.0001,1.9908127251247112,59,8.946419784632768,28.21120222944713,0.009378421899471563,28.22058065134661
1.0,0.9999999850988388,0.01457483359899399,0.09745796133691566,0.0001,1.9908127251247112,59,8.946419784632768,28.211202229447135,0.009378421899471563,28.220580651346605
1.0,1.0,0.01457483359899399,0.09745796133691566,0.00010001490116119385,1.9908127251247112,59,8.946419805924794,28.21120229414897,0.009378421500009431,28.22058071564897
1.0,1.0,0.03934241348068958,0.07330944481000981,0.0001,1.99315942957052,59,8.947297823265869,28.212894959860716,0.009426217419885816,28.222321177280598
1.0,1.0,0.03934242348068958,0.07330943481000982,0.0001,1.99315942957052,59,8.947297823630953,28.212894960570303,0.009426217419885818,28.222321177990192
1.0,1.0,0.03934241348068958,0.07330943481000982,0.0001,1.99315942957052,59,8.947297824094596,28.212894961894428,0.009426215758270982,28.2223211776527
1.0,1.0,0.03934241348068958,0.07330943481000982,0.0001,1.9931594395705199,59,8.947297824197172,28.212894962153527,0.009426215559424302,28.222321177712953
1.0,0.99999999,0.03934241348068958,0.07330943481000982,0.0001,1.99315942957052,59,8.947297831541928,28.21289498449658,0.009426215758271057,28.222321200254846
0.99999999,1.0,0.03934241348068958,0.07330943481000982,0.0001,1.99315942957052,59,8.947297831541928,28.21289498449658,0.009426215758271057,28.222321200254846
1.0,1.0,0.03934241348068958,0.07330943481000982,0.00010001,1.99315942957052,59,8.947297845808606,28.212895027838258,0.009426215559424302,28.22232124339768
1.0,1.0,0.004836688934185483,0.09512154848804447,0.0001,1.9907487671632456,59,8.947067142442206,28.21297224965769,0.007492365273150109,28.22046461493084
1.0,1.0,0.004836703835346677,0.09512153358688327,0.0001,1.9907487671632456,59,8.947067142985189,28.212972250710983,0.007492365273150109,28.220464615984127
1.0,1.0,0.004836688934185483,0.09512153358688327,0.0001,1.9907487671632456,59,8.947067143680162,28.212972252694232,0.007492363076146906,28.220464615770386
1.0,1.0,0.004836688934185483,0.09512153358688327,0.0001,1.9907487968277138,59,8.947067144000565,28.21297225347692,0.007492362275322161,28.220464615752235
0.9999999850988388,1.0,0.004836688934185483,0.09512153358688327,0.0001,1.9907487671632456,59,8.947067154803538,28.21297228644361,0.007492363076147071,28.22046464951976
1.0,0.9999999850988388,0.004836688934185483,0.09512153358688327,0.0001,1.9907487671632456,59,8.947067154803538,28.21297228644361,0.007492363076147071,28.22046464951976
1.0,1.0,0.004836688934185483,0.09512153358688327,0.00010001490116119385,1.9907487671632456,59,8.947067176108122,28.212972351165597,0.007492362673873446,28.220464713839476
1.0,1.0,-0.006141449607286008,0.09951681604115575,0.0001,1.9894974254800688,59,8.94720090003276,28.213505995069415,0.008392820957177572,28.22189881602659
1.0,1.0,-0.006141439607286008,0.09951680604115576,0.0001,1.9894974254800688,59,8.947200900397254,28.213505995776156,0.008392817840259031,28.22189881361642
1.0,1.0,-0.006141449607286008,0.09951680604115576,0.0001,1.9894974254800688,59,8.947200900864773,28.213505997109987,0.008392819398718231,28.22189881650871
1.0,1.0,-0.006141449607286008,0.09951680604115576,0.0001,1.9894974354800687,59,8.94720090097175,28.213505997368614,0.008392819091842432,28.221898816460453
0.99999999,1.0,-0.006141449607286008,0.09951680604115576,0.0001,1.9894974254800688,59,8.947200908334949,28.213506019772133,0.008392819398718302,28.221898839170848
1.0,0.99999999,-0.006141449607286008,0.09951680604115576,0.0001,1.9894974254800688,59,8.947200908334949,28.213506019772133,0.008392819398718302,28.221898839170848
1.0,1.0,-0.006141449607286008,0.09951680604115576,0.00010001,1.9894974254800688,59,8.947200922641938,28.213506063232238,0.008392819091842432,28.221898882324084
1.0,1.0,-0.009087518662986972,0.10146362036046835,0.0001,1.9903412546200034,59,8.947185746774231,28.213523606065344,0.009148166504823637,28.222671772570163
1.0,1.0,-0.009087508662986972,0.10146361036046836,0.0001,1.9903412546200034,59,8.947185747138082,28.213523606770693,0.009148163243565332,28.22267177001426
1.0,1.0,-0.009087518662986972,0.10146361036046836,0.0001,1.9903412546200034,59,8.947185747605255,28.213523608103436,0.009148164874194413,28.222671772977634
1.0,1.0,-0.009087518662986972,0.10146361036046836,0.0001,1.9903412646200034,59,8.947185747712627,28.213523608362298,0.009148164592211572,28.222671772954513
0.99999999,1.0,-0.009087518662986972,0.10146361036046836,0.0001,1.9903412546200034,59,8.94718575507692,28.213523630769537,0.009148164874194486,28.22267179564373
1.0,0.99999999,-0.009087518662986972,0.10146361036046836,0.0001,1.9903412546200034,59,8.947185755076921,28.213523630769537,0.009148164874194486,28.222671795643734
1.0,1.0,-0.009087518662986972,0.10146361036046836,0.00010001,1.9903412546200034,59,8.94718576938653,28.213523674237475,0.009148164592211572,28.22267183882969
1.0,1.0,-0.008153813220450775,0.10036139941182835,0.0001,1.9903109169267967,59,8.947233403656462,28.21362303919971,0.008820096145736278,28.22244313534545
1.0,1.0,-0.008153803220450775,0.10036138941182836,0.0001,1.9903109169267967,59,8.947233404020402,28.21362303990529,0.008820092944537795,28.222443132849826
1.0,1.0,-0.008153813220450775,0.10036138941182836,0.0001,1.9903109169267967,59,8.947233404487552,28.213623041237994,0.008820094545136964,28.222443135783134
1.0,1.0,-0.008153813220450775,0.10036138941182836,0.0001,1.9903109269267967,59,8.947233404594224,28.213623041495396,0.008820094262259163,28.222443135757658
0.99999999,1.0,-0.008153813220450775,0.10036138941182836,0.0001,1.9903109169267967,59,8.947233411958704,28.2136230639025,0.00882009454513704,28.222443158447632
1.0,0.99999999,-0.008153813220450775,0.10036138941182836,0.0001,1.9903109169267967,59,8.947233411958704,28.2136230639025,0.00882009454513704,28.222443158447636
1.0,1.0,-0.008153813220450775,0.10036138941182836,0.00010001,1.9903109169267967,59,8.947233426267463,28.21362310736718,0.008820094262259163,28.222443201629446
1.0,1.0,-0.0056293207143108745,0.09804145774617194,0.0001,1.9904214913074307,59,8.9473094661782,28.21376234714383,0.008058894488496138,28.22182124163232
1.0,1.0,-0.0056293107143108746,0.09804144774617195,0.0001,1.9904214913074307,59,8.947309466542247,28.213762347849755,0.00805889143020847,28.22182123927997
1.0,1.0,-0.0056293207143108745,0.09804144774617195,0.0001,1.9904214913074307,59,8.947309467009227,28.213762349182048,0.008058892959352228,28.2218212421414
1.0,1.0,-0.0056293207143108745,0.09804144774617195,0.0001,1.9904215013074307,59,8.947309467114717,28.213762349437197,0.008058892679736375,28.22182124211693
0.99999999,1.0,-0.0056293207143108745,0.09804144774617195,0.0001,1.9904214913074307,59,8.94730947447904,28.21376237184265,0.008058892959352304,28.221821264802003
1.0,0.99999999,-0.0056293207143108745,0.09804144774617195,0.0001,1.9904214913074307,59,8.94730947447904,28.213762371842655,0.008058892959352304,28.221821264802003
1.0,1.0,-0.0056293207143108745,0.09804144774617195,0.00010001,1.9904214913074307,59,8.947309488785526,28.21376241529947,0.008058892679736375,28.221821307979205
1.0,1.0,-0.0036164518949929345,0.09658155923053222,0.0001,1.9905271157103097,59,8.94733791028281,28.21379445012855,0.007533815723078448,28.221328265851632
1.0,1.0,-0.0036164418949929346,0.09658154923053222,0.0001,1.9905271157103097,59,8.94733791064692,28.213794450834698,0.007533812767237417,28.221328263601933
1.0,1.0,-0.0036164518949929345,0.09658154923053222,0.0001,1.9905271157103097,59,8.947337911113756,28.21379445216663,0.0075338142451578565,28.2213282664118
1.0,1.0,-0.0036164518949929345,0.09658154923053222,0.0001,1.9905271257103097,59,8.947337911218735,28.21379445242104,0.007533813968657921,28.221328266389698
1.0,0.99999999,-0.0036164518949929345,0.09658154923053222,0.0001,1.9905271157103097,59,8.947337918582535,28.213794474824383,0.007533814245157932,28.22132828906954
0.99999999,1.0,-0.0036164518949929345,0.09658154923053222,0.0001,1.9905271157103097,59,8.947337918582535,28.213794474824383,0.007533814245157932,28.22132828906954
1.0,1.0,-0.0036164518949929345,0.09658154923053222,0.00010001,1.9905271157103097,59,8.94733793288722,28.213794518275506,0.007533813968657921,28.221328332244166
1.0,1.0,0.01697500512769414,0.08327269148392098,0.0001,1.9916843025522344,59,8.947495394744525,28.21379613973096,0.007511139583217644,28.221307279314175
1.0,1.0,0.016975015127694143,0.08327268148392099,0.0001,1.9916843025522344,59,8.947495395109213,28.213796140439083,0.007511139583217648,28.221307280022305
1.0,1.0,0.01697500512769414,0.08327268148392099,0.0001,1.9916843025522344,59,8.947495395574563,28.213796141767393,0.007511138104564194,28.221307279871954
1.0,1.0,0.01697500512769414,0.08327268148392099,0.0001,1.9916843125522343,59,8.947495395676048,28.213796142018367,0.007511137862201269,28.22130727988057
1.0,0.99999999,0.01697500512769414,0.08327268148392099,0.0001,1.9916843025522344,59,8.947495403032875,28.213796164397028,0.00751113810456427,28.221307302501593
0.99999999,1.0,0.01697500512769414,0.08327268148392099,0.0001,1.9916843025522344,59,8.947495403032875,28.213796164397028,0.00751113810456427,28.221307302501593
1.0,1.0,0.01697500512769414,0.08327268148392099,0.00010001,1.9916843025522344,59,8.947495417319232,28.213796207792413,0.007511137862201269,28.221307345654616
1.0,1.0,-0.0023609665265741315,0.09567097767242398,0.0001,1.9905929967508873,59,8.947355657785783,28.213814495580678,0.007215333243015184,28.221029828823692
1.0,1.0,-0.0023609565265741315,0.09567096767242399,0.0001,1.9905929967508873,59,8.947355658149931,28.213814496286957,0.0072153303510731235,28.221029826638034
1.0,1.0,-0.0023609665265741315,0.09567096767242399,0.0001,1.9905929967508873,59,8.947355658616678,28.21381449761869,0.007215331797044082,28.221029829415734
1.0,1.0,-0.0023609665265741315,0.09567096767242399,0.0001,1.9905930067508872,59,8.947355658721337,28.213814497872615,0.007215331522487634,28.221029829395114
1.0,0.99999999,-0.0023609665265741315,0.09567096767242399,0.0001,1.9905929967508873,59,8.947355666084807,28.213814520274653,0.007215331797044159,28.22102985207169
0.99999999,1.0,-0.0023609665265741315,0.09567096767242399,0.0001,1.9905929967508873,59,8.947355666084807,28.213814520274653,0.007215331797044159,28.22102985207169
1.0,1.0,-0.0023609665265741315,0.09567096767242399,0.00010001,1.9905929967508873,59,8.947355680388371,28.213814563722224,0.007215331522487634,28.221029895244715
1.0,1.0,0.011504630908553918,0.08669539431092674,0.0001,1.9913715551249471,59,8.947462739800528,28.21381808888353,0.0072191763515967,28.22103726523513
1.0,1.0,0.011504640908553918,0.08669538431092674,0.0001,1.9913715551249471,59,8.947462740165067,28.213818089591154,0.0072191763515967,28.221037265942748
1.0,1.0,0.011504630908553918,0.08669538431092674,0.0001,1.9913715551249471,59,8.947462740630813,28.213818090920427,0.007219174903146402,28.221037265823583
1.0,1.0,0.011504630908553918,0.08669538431092674,0.0001,1.991371565124947,59,8.947462740733105,28.213818091172026,0.007219174651557425,28.221037265823586
0.99999999,1.0,0.011504630908553918,0.08669538431092674,0.0001,1.9913715551249471,59,8.947462748091892,28.21381811355745,0.007219174903146474,28.2210372884606
1.0,0.99999999,0.011504630908553918,0.08669538431092674,0.0001,1.9913715551249471,59,8.947462748091892,28.21381811355745,0.007219174903146474,28.2210372884606
1.0,1.0,0.011504630908553918,0.08669538431092674,0.00010001,1.9913715551249471,59,8.947462762383106,28.213818156967463,0.007219174651557425,28.221037331619016
1.0,1.0,-0.00035984205368529804,0.09428661738320562,0.0001,1.990645543819738,59,8.947377840315037,28.213831493731796,0.006732816124213817,28.220564309856016
1.0,1.0,-0.00035983205368529805,0.09428660738320563,0.0001,1.990645543819738,59,8.947377840679277,28.213831494438352,0.00673281333214356,28.22056430777049
1.0,1.0,-0.00035984205368529804,0.09428660738320563,0.0001,1.990645543819738,59,8.947377841145912,28.213831495769817,0.006732814728178615,28.22056431049799
1.0,1.0,-0.00035984205368529804,0.09428660738320563,0.0001,1.9906455538197378,59,8.947377841250141,28.213831496023197,0.006732814455172306,28.220564310478363
1.0,0.99999999,-0.00035984205368529804,0.09428660738320563,0.0001,1.990645543819738,59,8.947377848613018,28.21383151842299,0.0067328147281786885,28.22056433315117
0.99999999,1.0,-0.00035984205368529804,0.09428660738320563,0.0001,1.990645543819738,59,8.947377848613018,28.21383151842299,0.0067328147281786885,28.22056433315117
1.0,1.0,-0.00035984205368529804,0.09428660738320563,0.00010001,1.990645543819738,59,8.947377862914793,28.213831561865018,0.006732814455172306,28.220564376320194
1.0,1.0,0.007722728982600112,0.08906165407577607,0.0001,1.9911553395517134,59,8.947440226563899,28.2138334701034,0.007021114295317835,28.22085458439872
1.0,1.0,0.007722738982600112,0.08906164407577608,0.0001,1.9911553395517134,59,8.947440226928338,28.213833470810663,0.007021114295317838,28.220854585105986
1.0,1.0,0.007722728982600112,0.08906164407577608,0.0001,1.9911553395517134,59,8.947440227394358,28.213833472140614,0.007021112867748259,28.22085458500836
1.0,1.0,0.007722728982600112,0.08906164407577608,0.0001,1.9911553495517134,59,8.947440227497207,28.213833472392636,0.007021112609780925,28.220854585002414
0.99999999,1.0,0.007722728982600112,0.08906164407577608,0.0001,1.9911553395517134,59,8.947440234857353,28.213833494782747,0.0070211128677483345,28.220854607650494
1.0,0.99999999,0.007722728982600112,0.08906164407577608,0.0001,1.9911553395517134,59,8.947440234857353,28.213833494782747,0.0070211128677483345,28.220854607650494
1.0,1.0,0.007722728982600112,0.08906164407577608,0.00010001,1.9911553395517134,59,8.94744024915193,28.21383353820287,0.007021112609780925,28.22085465081265
1.0,1.0,-0.0004831306224108428,0.09435995457785902,0.0001,1.9906970367187136,59,8.947378036775584,28.213834267738406,0.00675889240900656,28.220593160147416
1.0,1.0,-0.00048312062241084283,0.09435994457785903,0.0001,1.9906970367187136,59,8.947378037139787,28.21383426844488,0.006758889611135841,28.22059315805602
1.0,1.0,-0.0004831306224108428,0.09435994457785903,0.0001,1.9906970367187136,59,8.9473780376064,28.213834269776275,0.006758891010071127,28.220593160786343
1.0,1.0,-0.0004831306224108428,0.09435994457785903,0.0001,1.9906970467187135,59,8.947378037710635,28.213834270029643,0.006758890738583858,28.220593160768225
1.0,0.99999999,-0.0004831306224108428,0.09435994457785903,0.0001,1.9906970367187136,59,8.947378045073568,28.21383429242961,0.006758891010071202,28.220593183439686
0.99999999,1.0,-0.0004831306224108428,0.09435994457785903,0.0001,1.9906970367187136,59,8.947378045073568,28.21383429242961,0.006758891010071202,28.220593183439686
1.0,1.0,-0.0004831306224108428,0.09435994457785903,0.00010001,1.9906970367187136,59,8.947378059375454,28.213834335871955,0.006758890738583858,28.220593226610536
1.0,1.0,-0.0003827633945999947,0.09426144860681179,0.0001,1.9906979318108646,59,8.947381546923763,28.213841001882866,0.006731076200171342,28.220572078083038
1.0,1.0,-0.0003827533945999947,0.0942614386068118,0.0001,1.9906979318108646,59,8.947381547287973,28.21384100258935,0.006731073408167383,28.220572075997516
1.0,1.0,-0.0003827633945999947,0.0942614386068118,0.0001,1.9906979318108646,59,8.947381547754581,28.213841003920738,0.00673107480416929,28.22057207872491
1.0,1.0,-0.0003827633945999947,0.0942614386068118,0.0001,1.9906979418108646,59,8.947381547858763,28.213841004173993,0.006731074532708427,28.220572078706706
1.0,0.99999999,-0.0003827633945999947,0.0942614386068118,0.0001,1.9906979318108646,59,8.947381555221696,28.213841026573917,0.006731074804169362,28.22057210137808
0.99999999,1.0,-0.0003827633945999947,0.0942614386068118,0.0001,1.9906979318108646,59,8.947381555221696,28.213841026573917,0.006731074804169362,28.22057210137808
1.0,1.0,-0.0003827633945999947,0.0942614386068118,0.00010001,1.9906979318108646,59,8.94738156952349,28.213841070015935,0.006731074532708427,28.220572144548647
1.0,1.0,0.005182586111122446,0.09065097024299279,0.0001,1.991010116735838,59,8.94742513414446,28.21384389612448,0.006889821297128947,28.22073371742161
1.0,1.0,0.005182596111122446,0.0906509602429928,0.0001,1.991010116735838,59,8.94742513450883,28.213843896831513,0.006889821297128947,28.220733718128642
1.0,1.0,0.005182586111122446,0.0906509602429928,0.0001,1.991010116735838,59,8.947425134975036,28.213843898161905,0.006889819883584066,28.2207337180455
1.0,1.0,0.005182586111122446,0.0906509602429928,0.0001,1.991010126735838,59,8.947425135078259,28.213843898414215,0.006889819621332659,28.220733718035543
1.0,0.99999999,0.005182586111122446,0.0906509602429928,0.0001,1.991010116735838,59,8.947425142439318,28.213843920807477,0.006889819883584142,28.22073374069106
0.99999999,1.0,0.005182586111122446,0.0906509602429928,0.0001,1.991010116735838,59,8.947425142439318,28.213843920807477,0.006889819883584142,28.22073374069106
1.0,1.0,0.005182586111122446,0.0906509602429928,0.00010001,1.991010116735838,59,8.947425156736152,28.213843964234396,0.006889819621332659,28.22073378385573
1.0,1.0,-0.0002479559929257499,0.09415563040505101,0.0001,1.9907046455074822,59,8.94738411825067,28.213844788403847,0.00669734533229872,28.220542133736142
1.0,1.0,-0.0002479459929257499,0.09415562040505102,0.0001,1.9907046455074822,59,8.947384118614886,28.213844789110357,0.0066973425473932195,28.220542131657748
1.0,1.0,-0.0002479559929257499,0.09415562040505102,0.0001,1.9907046455074822,59,8.947384119081486,28.21384479044171,0.0066973439398458935,28.22054213438156
1.0,1.0,-0.0002479559929257499,0.09415562040505102,0.0001,1.990704655507482,59,8.947384119185621,28.213844790694896,0.006697343668583086,28.220542134363484
0.99999999,1.0,-0.0002479559929257499,0.09415562040505102,0.0001,1.9907046455074822,59,8.94738412654853,28.213844813094695,0.006697343939845968,28.220542157034537
1.0,0.99999999,-0.0002479559929257499,0.09415562040505102,0.0001,1.9907046455074822,59,8.94738412654853,28.213844813094695,0.006697343939845968,28.220542157034537
1.0,1.0,-0.0002479559929257499,0.09415562040505102,0.00010001,1.9907046455074822,59,8.947384140850202,28.21384485653632,0.006697343668583086,28.220542200204903
1.0,1.0,-2.1680168190697137e-05,0.09398070699006898,0.0001,1.9907126963995203,59,8.947388177078516,28.213850514162303,0.006641380641180262,28.220491894803484
1.0,1.0,-2.1670168190697136e-05,0.09398069699006899,0.0001,1.9907126963995203,59,8.947388177442742,28.21385051486884,0.006641377868110137,28.220491892736952
1.0,1.0,-2.1680168190697137e-05,0.09398069699006899,0.0001,1.9907126963995203,59,8.947388177909328,28.213850516200168,0.0066413792546451255,28.220491895454813
1.0,1.0,-2.1680168190697137e-05,0.09398069699006899,0.0001,1.9907127063995202,59,8.947388178013394,28.213850516453245,0.00664137898361982,28.22049189543686
0.99999999,1.0,-2.1680168190697137e-05,0.09398069699006899,0.0001,1.9907126963995203,59,8.947388185376255,28.213850538852817,0.0066413792546452,28.220491918107463
1.0,0.99999999,-2.1680168190697137e-05,0.09398069699006899,0.0001,1.9907126963995203,59,8.947388185376255,28.213850538852817,0.0066413792546452,28.220491918107463
1.0,1.0,-2.1680168190697137e-05,0.09398069699006899,0.00010001,1.9907126963995203,59,8.947388199677725,28.213850582293798,0.00664137898361982,28.22049196127741
1.0,1.0,0.0035061775444512975,0.0916998652747597,0.0001,1.9909142745785549,59,8.947415186341276,28.213850818865264,0.006803936870094581,28.22065475573536
1.0,1.0,0.0035061875444512974,0.09169985527475971,0.0001,1.9909142745785549,59,8.9474151867056,28.213850819572137,0.006803936870094581,28.220654756442237
1.0,1.0,0.0035061775444512975,0.09169985527475971,0.0001,1.9909142745785549,59,8.947415187171927,28.213850820902834,0.006803935465805524,28.22065475636864
1.0,1.0,0.0035061775444512975,0.09169985527475971,0.0001,1.9909142845785548,59,8.947415187275395,28.21385082115533,0.0068039352007267725,28.220654756356055
1.0,1.0,-2.4894477733641223e-05,0.09398164104690857,0.0001,1.9907159842855235,59,8.94738828366677,28.21385083495089,0.006641866745342073,28.22049270169623
1.0,1.0,-2.488447773364122e-05,0.09398163104690857,0.0001,1.9907159842855235,59,8.947388284030993,28.213850835657418,0.006641863972149571,28.22049269962957
1.0,1.0,-2.4894477733641223e-05,0.09398163104690857,0.0001,1.9907159842855235,59,8.94738828449758,28.213850836988748,0.006641865358745749,28.220492702347485
1.0,1.0,-2.4894477733641223e-05,0.09398163104690857,0.0001,1.9907159942855235,59,8.947388284601642,28.213850837241814,0.006641865087817436,28.220492702329636
0.99999999,1.0,0.0035061775444512975,0.09169985527475971,0.0001,1.9909142745785549,59,8.947415194637058,28.213850843550667,0.006803935465805598,28.22065477901647
1.0,0.99999999,0.0035061775444512975,0.09169985527475971,0.0001,1.9909142745785549,59,8.947415194637058,28.213850843550667,0.006803935465805598,28.22065477901647
1.0,0.99999999,-2.4894477733641223e-05,0.09398163104690857,0.0001,1.9907159842855235,59,8.947388291964506,28.213850859641408,0.0066418653587458215,28.220492725000145
0.99999999,1.0,-2.4894477733641223e-05,0.09398163104690857,0.0001,1.9907159842855235,59,8.947388291964506,28.213850859641408,0.0066418653587458215,28.220492725000145
1.0,1.0,0.0035061775444512975,0.09169985527475971,0.00010001,1.9909142745785549,59,8.947415208935384,28.213850886982076,0.0068039352007267725,28.2206548221828
1.0,1.0,-2.4894477733641223e-05,0.09398163104690857,0.00010001,1.9907159842855235,59,8.94738830626598,28.213850903082378,0.006641865087817436,28.220492768170203
1.0,1.0,-1.62423440450427e-05,0.09397449796296808,0.0001,1.990716342041853,59,8.947388477148372,28.213851147784766,0.006639667077703082,28.220490814862465
1.0,1.0,-1.62323440450427e-05,0.09397448796296809,0.0001,1.990716342041853,59,8.947388477512597,28.2138511484913,0.0066396643049765405,28.22049081279627
1.0,1.0,-1.62423440450427e-05,0.09397448796296809,0.0001,1.990716342041853,59,8.94738847797918,28.213851149822617,0.0066396656913397375,28.220490815513962
1.0,1.0,-1.62423440450427e-05,0.09397448796296809,0.0001,1.990716352041853,59,8.947388478083244,28.213851150075687,0.006639665420421976,28.22049081549611
1.0,0.99999999,-1.62423440450427e-05,0.09397448796296809,0.0001,1.990716342041853,59,8.947388485446105,28.213851172475263,0.006639665691339811,28.2204908381666
0.99999999,1.0,-1.62423440450427e-05,0.09397448796296809,0.0001,1.990716342041853,59,8.947388485446105,28.213851172475263,0.006639665691339811,28.2204908381666
1.0,1.0,-1.62423440450427e-05,0.09397448796296809,0.00010001,1.990716342041853,59,8.947388499747571,28.213851215916215,0.006639665420421976,28.22049088133664
1.0,1.0,-4.88992483746515e-05,0.09399407575258285,0.0001,1.9907143214608396,59,8.947388353301921,28.213851454667722,0.006646965464016723,28.22049842013174
1.0,1.0,-4.88892483746515e-05,0.09399406575258286,0.0001,1.9907143214608396,59,8.947388353666142,28.213851455374254,0.006646962689749255,28.220498418064004
1.0,1.0,-4.88992483746515e-05,0.09399406575258286,0.0001,1.9907143214608396,59,8.947388354132729,28.21385145670558,0.006646964076882916,28.220498420782462
1.0,1.0,-4.88992483746515e-05,0.09399406575258286,0.0001,1.9907143314608395,59,8.947388354236795,28.213851456958643,0.0066469638059055485,28.22049842076455
1.0,0.99999999,-4.88992483746515e-05,0.09399406575258286,0.0001,1.9907143214608396,59,8.947388361599668,28.213851479358265,0.00664696407688299,28.220498443435144
0.99999999,1.0,-4.88992483746515e-05,0.09399406575258286,0.0001,1.9907143214608396,59,8.947388361599668,28.213851479358265,0.00664696407688299,28.220498443435144
1.0,1.0,-4.88992483746515e-05,0.09399406575258286,0.00010001,1.9907143214608396,59,8.947388375901165,28.213851522799306,0.0066469638059055485,28.220498486605212
1.0,1.0,-1.2481322856928415e-06,0.0939622236174466,0.0001,1.990716753816929,59,8.947388801591071,28.213851663330395,0.00663587605758313,28.220487539387978
1.0,1.0,-1.2381322856928416e-06,0.09396221361744661,0.0001,1.990716753816929,59,8.947388801955295,28.213851664036937,0.006635873285661009,28.220487537322597
1.0,1.0,-1.2481322856928415e-06,0.09396221361744661,0.0001,1.990716753816929,59,8.947388802421878,28.213851665368257,0.0066358746716219975,28.220487540039873
1.0,1.0,-1.2481322856928415e-06,0.09396221361744661,0.0001,1.990716763816929,59,8.947388802525936,28.21385166562131,0.006635874400716383,28.220487540022027
1.0,0.99999999,-1.2481322856928415e-06,0.09396221361744661,0.0001,1.990716753816929,59,8.947388809888794,28.213851688020874,0.0066358746716220695,28.220487562692494
0.99999999,1.0,-1.2481322856928415e-06,0.09396221361744661,0.0001,1.990716753816929,59,8.947388809888794,28.213851688020874,0.0066358746716220695,28.220487562692494
1.0,1.0,-1.377813145009792e-06,0.09396207679260993,0.0001,1.9907169256276462,59,8.947388821627872,28.213851714863583,0.006635869027086796,28.220487583890673
1.0,1.0,-1.3678131450097921e-06,0.09396206679260993,0.0001,1.9907169256276462,59,8.947388821992094,28.213851715570115,0.00663586625516518,28.22048758182528
1.0,1.0,-1.377813145009792e-06,0.09396206679260993,0.0001,1.9907169256276462,59,8.947388822458677,28.213851716901434,0.006635867641125915,28.220487584542557
1.0,1.0,-1.377813145009792e-06,0.09396206679260993,0.0001,1.9907169356276462,59,8.947388822562734,28.21385171715449,0.00663586737022537,28.220487584524715
1.0,1.0,-4.331235270267307e-07,0.0939614460854477,0.0001,1.9907169957359483,59,8.947388830679479,28.21385171939844,0.0066356487858429914,28.22048736818428
1.0,1.0,-4.231235270267307e-07,0.0939614360854477,0.0001,1.9907169957359483,59,8.947388831043702,28.213851720104977,0.00663564601396785,28.22048736611894
1.0,1.0,-4.331235270267307e-07,0.0939614360854477,0.0001,1.9907169957359483,59,8.947388831510281,28.213851721436292,0.006635647399905347,28.2204873688362
1.0,1.0,-4.331235270267307e-07,0.0939614360854477,0.0001,1.9907170057359482,59,8.94738883161434,28.21385172168935,0.006635647129006869,28.220487368818354
1.0,1.0,-2.2188530507207986e-07,0.0939612716900436,0.0001,1.9907170044704192,59,8.947388835403263,28.213851727036186,0.006635595102918383,28.220487322139114
1.0,1.0,-2.1188530507207985e-07,0.09396126169004361,0.0001,1.9907170044704192,59,8.947388835767487,28.213851727742725,0.006635592331054619,28.22048732007378
1.0,1.0,-2.2188530507207986e-07,0.09396126169004361,0.0001,1.9907170044704192,59,8.947388836234069,28.213851729074047,0.006635593716986428,28.22048732279103
1.0,1.0,-2.2188530507207986e-07,0.09396126169004361,0.0001,1.9907170144704192,59,8.947388836338124,28.2138517293271,0.006635593446088212,28.220487322773188
1.0,1.0,-1.2481322856928415e-06,0.09396221361744661,0.00010001,1.990716753816929,59,8.947388824190249,28.213851731461784,0.006635874400716383,28.220487605862502
1.0,1.0,-4.182210371363131e-09,0.09396110320770522,0.0001,1.9907170008419792,59,8.947388839205502,28.21385173229542,0.006635541678646108,28.220487273974065
1.0,1.0,-7.286952018855985e-08,0.09396114866463759,0.0001,1.99071701063206,59,8.947388838735606,28.21385173242416,0.006635557232995174,28.220487289657157
1.0,1.0,-1.1864996180341341e-08,0.09396110525659998,0.0001,1.9907169993163225,59,8.947388839377867,28.2138517328621,0.006635543068715227,28.220487275930818
1.0,1.0,-6.286952018855986e-08,0.0939611386646376,0.0001,1.99071701063206,59,8.947388839099832,28.2138517331307,0.006635554461139436,28.220487287591844
1.0,1.0,-4.182210371363131e-09,0.09396109830654402,0.0001,1.9907170008419792,59,8.947388839612692,28.213851733294206,0.006635540999381288,28.220487274293586
1.0,1.0,-1.8649961803413406e-09,0.09396109525659999,0.0001,1.9907169993163225,59,8.947388839742095,28.21385173356864,0.006635540296862569,28.2204872738655
1.0,1.0,3.5005754376150918e-09,0.09396109135648807,0.0001,1.9907170023676357,59,8.947388839847518,28.21385173372631,0.00663553990035545,28.22048727362666
1.0,1.0,5.558053320463212e-09,0.09396108949523789,0.0001,1.990717002776212,59,8.947388839910406,28.213851733842027,0.006635539916482896,28.220487273758515
1.0,1.0,5.817789628636869e-09,0.09396108830654402,0.0001,1.9907170008419792,59,8.947388839976918,28.21385173400074,0.006635539840134303,28.220487273840877
1.0,1.0,1.0797265239567343e-08,0.093961084755705,0.0001,1.9907170038166209,59,8.947388840070543,28.213851734136703,0.006635539957550209,28.220487274094253
1.0,1.0,1.3500575437615092e-08,0.09396108135648808,0.0001,1.9907170023676357,59,8.947388840211746,28.213851734432847,0.00663553990035545,28.220487274333205
1.0,1.0,-7.286952018855985e-08,0.0939611386646376,0.0001,1.99071701063206,59,8.947388839566411,28.21385173446202,0.006635555847067231,28.220487290309084
1.0,1.0,1.5558053320463212e-08,0.0939610794952379,0.0001,1.990717002776212,59,8.94738884027463,28.213851734548566,0.006635539916482896,28.22048727446505
1.0,1.0,-7.286952018855985e-08,0.0939611386646376,0.0001,1.99071702063206,59,8.94738883967047,28.213851734715075,0.0066355555761691935,28.220487290291242
1.0,1.0,2.0797265239567344e-08,0.093961074755705,0.0001,1.9907170038166209,59,8.94738884043477,28.213851734843235,0.006635539957550209,28.22048727480079
1.0,1.0,-1.1864996180341341e-08,0.09396109525659999,0.0001,1.9907169993163225,59,8.947388840208674,28.213851734899958,0.006635541682788823,28.220487276582748
1.0,1.0,-1.1864996180341341e-08,0.09396109525659999,0.0001,1.9907170093163225,59,8.947388840312732,28.213851735153014,0.0066355414118904514,28.2204872765649
1.0,1.0,-4.182210371363131e-09,0.09396108830654402,0.0001,1.9907170008419792,59,8.9473888404435,28.213851735332057,0.006635539613455099,28.220487274945523
1.0,1.0,-4.182210371363131e-09,0.09396108830654402,0.0001,1.9907170008419792,59,8.9473888404435,28.213851735332057,0.006635539613455099,28.220487274945523
1.0,1.0,-4.182210371363131e-09,0.09396108830654402,0.0001,1.9907170108419792,59,8.947388840547559,28.21385173558512,0.006635539342556773,28.220487274927674
1.0,1.0,3.5005754376150918e-09,0.09396108135648808,0.0001,1.9907170023676357,59,8.947388840678325,28.213851735764166,0.0066355385144293766,28.220487274278593
1.0,1.0,5.558053320463212e-09,0.0939610794952379,0.0001,1.990717002776212,59,8.947388840741212,28.21385173587989,0.006635538530556817,28.220487274410438
1.0,1.0,3.5005754376150918e-09,0.09396108135648808,0.0001,1.9907170123676357,59,8.947388840782383,28.21385173601721,0.006635538243531096,28.220487274260755
1.0,1.0,-4.182210371363131e-09,0.09396108830654402,0.0001,1.990717030505974,59,8.947388840752174,28.213851736082717,0.006635538809863301,28.220487274892584
1.0,1.0,5.558053320463212e-09,0.0939610794952379,0.0001,1.990717012776212,59,8.94738884084527,28.213851736132938,0.006635538259658548,28.2204872743926
1.0,1.0,1.0797265239567343e-08,0.093961074755705,0.0001,1.9907170038166209,59,8.947388840901352,28.213851736174554,0.006635538571624122,28.22048727474618
1.0,1.0,1.0797265239567343e-08,0.093961074755705,0.0001,1.9907170138166208,59,8.94738884100541,28.213851736427607,0.006635538300725883,28.220487274728335
1.0,1.0,5.57993938368045e-08,0.0939610440455616,0.0001,1.9907170127531957,59,8.947388841446045,28.213851736667767,0.006635540310297425,28.220487276978062
1.0,1.0,-1.9083371565210787e-08,0.09396108830654402,0.0001,1.9907170008419792,59,8.94738884113876,28.213851737315874,0.006635541678646108,28.220487278994522
1.0,1.0,6.57993938368045e-08,0.09396103404556161,0.0001,1.9907170127531957,59,8.94738884181027,28.213851737374302,0.006635540310297425,28.2204872776846
1.0,1.0,7.614626469495973e-08,0.09396102563923159,0.0001,1.990717016793701,59,8.947388842067951,28.21385173781214,0.006635540469785566,28.22048727828193
1.0,1.0,7.614626469495973e-08,0.09396102563923159,0.0001,1.990717016793701,59,8.947388842067951,28.21385173781214,0.006635540469785566,28.22048727828193
1.0,1.0,8.614626469495972e-08,0.0939610156392316,0.0001,1.990717016793701,59,8.947388842432176,28.213851738518674,0.006635540469785566,28.220487278988458
1.0,1.0,8.614626469495972e-08,0.0939610156392316,0.0001,1.990717016793701,59,8.947388842432176,28.213851738518674,0.006635540469785566,28.220487278988458
1.0,1.0,5.57993938368045e-08,0.09396103404556161,0.0001,1.9907170127531957,59,8.94738884227685,28.21385173870562,0.006635538924371276,28.22048727762999
1.0,1.0,5.57993938368045e-08,0.09396103404556161,0.0001,1.9907170227531956,59,8.947388842380906,28.213851738958677,0.006635538653473301,28.22048727761215
1.0,1.0,1.1534828224931822e-07,0.09396099327457888,0.0001,1.9907170184146616,59,8.947388842944601,28.213851739229572,0.006635541373482448,28.220487280603052
1.0,0.99999999,-1.377813145009792e-06,0.09396206679260993,0.0001,1.9907169256276462,59,8.947388829925593,28.213851739554055,0.006635867641125988,28.22048760719518
0.99999999,1.0,-1.377813145009792e-06,0.09396206679260993,0.0001,1.9907169256276462,59,8.947388829925595,28.213851739554055,0.006635867641125988,28.22048760719518
1.0,1.0,7.614626469495973e-08,0.0939610156392316,0.0001,1.990717016793701,59,8.947388842898757,28.21385173985,0.00663553908385939,28.220487278933856
1.0,1.0,7.614626469495973e-08,0.0939610156392316,0.0001,1.990717016793701,59,8.947388842898757,28.21385173985,0.00663553908385939,28.220487278933856
1.0,1.0,1.2534828224931823e-07,0.09396098327457889,0.0001,1.9907170184146616,59,8.947388843308824,28.213851739936104,0.006635541373482448,28.22048728130959
1.0,1.0,7.614626469495973e-08,0.0939610156392316,0.0001,1.9907170267937009,59,8.947388843002816,28.21385174010305,0.006635538812961535,28.220487278916014
1.0,1.0,7.614626469495973e-08,0.0939610156392316,0.0001,1.9907170267937009,59,8.947388843002816,28.21385174010305,0.006635538812961535,28.220487278916014
1.0,1.0,1.1534828224931822e-07,0.09396098327457889,0.0001,1.9907170184146616,59,8.947388843775407,28.213851741267426,0.00663553998755617,28.220487281254982
1.0,1.0,1.1534828224931822e-07,0.09396098327457889,0.0001,1.9907170284146616,59,8.947388843879464,28.21385174152048,0.006635539716658359,28.22048728123714
1.0,1.0,1.8816536107518368e-07,0.0939609331577886,0.0001,1.990717021425569,59,8.947388844572961,28.213851741862417,0.006635543052084171,28.2204872849145
1.0,1.0,1.981653610751837e-07,0.0939609231577886,0.0001,1.990717021425569,59,8.947388844937187,28.213851742568963,0.006635543052084173,28.22048728562104
1.0,1.0,1.8816536107518368e-07,0.0939609231577886,0.0001,1.990717021425569,59,8.94738884540377,28.213851743900275,0.006635541666157706,28.220487285566435
1.0,0.99999999,-4.331235270267307e-07,0.0939614360854477,0.0001,1.9907169957359483,59,8.947388838977199,28.21385174408891,0.006635647399905422,28.220487391488817
0.99999999,1.0,-4.331235270267307e-07,0.0939614360854477,0.0001,1.9907169957359483,59,8.947388838977199,28.21385174408891,0.006635647399905422,28.220487391488817
1.0,1.0,1.8816536107518368e-07,0.0939609231577886,0.0001,1.9907170314255689,59,8.947388845507824,28.21385174415333,0.006635541395259986,28.22048728554859
1.0,1.0,2.908659528878542e-07,0.0939608483695763,0.0001,1.9907170256721267,59,8.947388846869588,28.213851745575777,0.006635545419570308,28.220487290995344
1.0,1.0,3.008659528878542e-07,0.0939608383695763,0.0001,1.9907170256721267,59,8.947388847233816,28.213851746282312,0.006635545419570308,28.22048729170189
1.0,1.0,2.908659528878542e-07,0.0939608383695763,0.0001,1.9907170256721267,59,8.947388847700397,28.213851747613624,0.006635544033643578,28.220487291647274
1.0,1.0,2.908659528878542e-07,0.0939608383695763,0.0001,1.9907170356721267,59,8.947388847804453,28.213851747866684,0.006635543762745987,28.22048729162943
0.99999999,1.0,-2.2188530507207986e-07,0.09396126169004361,0.0001,1.9907170044704192,59,8.947388843700983,28.21385175172666,0.006635593716986503,28.220487345443647
1.0,0.99999999,-2.2188530507207986e-07,0.09396126169004361,0.0001,1.9907170044704192,59,8.947388843700983,28.21385175172666,0.006635593716986503,28.22048734544365
1.0,1.0,5.529742916485556e-07,0.0939606319764954,0.0001,1.990717036510022,59,8.947388852730953,28.213851755052843,0.006635551461776007,28.220487306514624
1.0,1.0,5.629742916485556e-07,0.0939606219764954,0.0001,1.990717036510022,59,8.947388853095177,28.21385175575938,0.006635551461776007,28.220487307221152
1.0,1.0,5.529742916485556e-07,0.0939606219764954,0.0001,1.990717036510022,59,8.94738885356176,28.2138517570907,0.006635550075848604,28.220487307166554
0.99999999,1.0,-7.286952018855985e-08,0.0939611386646376,0.0001,1.99071701063206,59,8.94738884703333,28.213851757114632,0.006635555847067305,28.2204873129617
1.0,0.99999999,-7.286952018855985e-08,0.0939611386646376,0.0001,1.99071701063206,59,8.94738884703333,28.213851757114632,0.006635555847067305,28.2204873129617
1.0,1.0,5.529742916485556e-07,0.0939606219764954,0.0001,1.990717046510022,59,8.947388853665815,28.213851757343754,0.006635549804951329,28.220487307148705
1.0,0.99999999,-1.1864996180341341e-08,0.09396109525659999,0.0001,1.9907169993163225,59,8.94738884767559,28.213851757552572,0.006635541682788898,28.220487299235362
0.99999999,1.0,-1.1864996180341341e-08,0.09396109525659999,0.0001,1.9907169993163225,59,8.94738884767559,28.213851757552572,0.006635541682788898,28.220487299235362
1.0,0.99999999,-4.182210371363131e-09,0.09396108830654402,0.0001,1.9907170008419792,59,8.947388847910414,28.213851757984678,0.006635539613455174,28.22048729759813
0.99999999,1.0,-4.182210371363131e-09,0.09396108830654402,0.0001,1.9907170008419792,59,8.947388847910416,28.213851757984678,0.006635539613455174,28.22048729759813
0.99999999,1.0,3.5005754376150918e-09,0.09396108135648808,0.0001,1.9907170023676357,59,8.947388848145241,28.213851758416784,0.00663553851442945,28.22048729693121
1.0,0.99999999,3.5005754376150918e-09,0.09396108135648808,0.0001,1.9907170023676357,59,8.947388848145241,28.213851758416784,0.00663553851442945,28.22048729693121
1.0,0.99999999,5.558053320463212e-09,0.0939610794952379,0.0001,1.990717002776212,59,8.947388848208128,28.2138517585325,0.006635538530556891,28.22048729706306
0.99999999,1.0,5.558053320463212e-09,0.0939610794952379,0.0001,1.990717002776212,59,8.947388848208128,28.2138517585325,0.006635538530556891,28.22048729706306
1.0,0.99999999,1.0797265239567343e-08,0.093961074755705,0.0001,1.9907170038166209,59,8.947388848368265,28.213851758827172,0.0066355385716241975,28.220487297398797
0.99999999,1.0,1.0797265239567343e-08,0.093961074755705,0.0001,1.9907170038166209,59,8.947388848368265,28.213851758827172,0.0066355385716241975,28.220487297398797
1.0,0.99999999,5.57993938368045e-08,0.09396103404556161,0.0001,1.9907170127531957,59,8.947388849743767,28.213851761358242,0.006635538924371351,28.22048730028261
0.99999999,1.0,5.57993938368045e-08,0.09396103404556161,0.0001,1.9907170127531957,59,8.947388849743767,28.213851761358242,0.006635538924371351,28.22048730028261
1.0,0.99999999,7.614626469495973e-08,0.0939610156392316,0.0001,1.990717016793701,59,8.947388850365673,28.21385176250261,0.006635539083859465,28.22048730158647
1.0,0.99999999,7.614626469495973e-08,0.0939610156392316,0.0001,1.990717016793701,59,8.947388850365673,28.21385176250261,0.006635539083859465,28.22048730158647
0.99999999,1.0,7.614626469495973e-08,0.0939610156392316,0.0001,1.990717016793701,59,8.947388850365673,28.21385176250261,0.006635539083859465,28.22048730158647
0.99999999,1.0,7.614626469495973e-08,0.0939610156392316,0.0001,1.990717016793701,59,8.947388850365673,28.21385176250261,0.006635539083859465,28.22048730158647
0.99999999,1.0,1.1534828224931822e-07,0.09396098327457889,0.0001,1.9907170184146616,59,8.947388851242325,28.21385176392004,0.006635539987556242,28.220487303907596
1.0,0.99999999,1.1534828224931822e-07,0.09396098327457889,0.0001,1.9907170184146616,59,8.947388851242325,28.21385176392004,0.006635539987556242,28.220487303907596
0.99999999,1.0,1.8816536107518368e-07,0.0939609231577886,0.0001,1.990717021425569,59,8.947388852870684,28.213851766552892,0.006635541666157782,28.22048730821905
1.0,0.99999999,1.8816536107518368e-07,0.0939609231577886,0.0001,1.990717021425569,59,8.947388852870684,28.213851766552892,0.006635541666157782,28.22048730821905
1.0,0.9999999850988388,-4.182210371363131e-09,0.09396108830654402,0.0001,1.9907170008419792,59,8.947388851570071,28.21385176908709,0.006635539613455264,28.220487308700545
0.9999999850988388,1.0,-4.182210371363131e-09,0.09396108830654402,0.0001,1.9907170008419792,59,8.947388851570073,28.213851769087093,0.006635539613455264,28.220487308700548
0.99999999,1.0,2.908659528878542e-07,0.0939608383695763,0.0001,1.9907170256721267,59,8.947388855167311,28.21385177026625,0.006635544033643652,28.220487314299888
1.0,0.99999999,2.908659528878542e-07,0.0939608383695763,0.0001,1.9907170256721267,59,8.947388855167311,28.213851770266253,0.006635544033643652,28.220487314299888
0.99999999,1.0,5.529742916485556e-07,0.0939606219764954,0.0001,1.990717036510022,59,8.947388861028674,28.213851779743315,0.006635550075848678,28.220487329819168
1.0,0.99999999,5.529742916485556e-07,0.0939606219764954,0.0001,1.990717036510022,59,8.947388861028674,28.213851779743315,0.006635550075848678,28.220487329819168
1.0,1.0,-1.377813145009792e-06,0.09396206679260993,0.00010001,1.9907169256276462,59,8.947388844227046,28.213851782994965,0.00663586737022537,28.220487650365186
1.0,1.0,-4.331235270267307e-07,0.0939614360854477,0.00010001,1.9907169957359483,59,8.94738885327865,28.21385178752982,0.006635647129006869,28.22048743465883
1.0,1.0,-2.2188530507207986e-07,0.09396126169004361,0.00010001,1.9907170044704192,59,8.947388858002435,28.21385179516757,0.006635593446088212,28.220487388613662
1.0,1.0,-7.286952018855985e-08,0.0939611386646376,0.00010001,1.99071701063206,59,8.94738886133478,28.21385180055555,0.0066355555761691935,28.220487356131716
1.0,1.0,-1.1864996180341341e-08,0.09396109525659999,0.00010001,1.9907169993163225,59,8.947388861977041,28.21385180099348,0.0066355414118904514,28.220487342405374
1.0,1.0,-4.182210371363131e-09,0.09396108830654402,0.00010001,1.9907170008419792,59,8.947388862211866,28.213851801425584,0.006635539342556773,28.22048734076814
1.0,1.0,3.5005754376150918e-09,0.09396108135648808,0.00010001,1.9907170023676357,59,8.947388862446692,28.21385180185769,0.006635538243531096,28.220487340101222
1.0,1.0,5.558053320463212e-09,0.0939610794952379,0.00010001,1.990717002776212,59,8.94738886250958,28.213851801973412,0.006635538259658548,28.220487340233067
1.0,1.0,1.0797265239567343e-08,0.093961074755705,0.00010001,1.9907170038166209,59,8.947388862669717,28.21385180226808,0.006635538300725883,28.220487340568805
1.0,1.0,5.57993938368045e-08,0.09396103404556161,0.00010001,1.9907170127531957,59,8.947388864045218,28.21385180479914,0.006635538653473301,28.220487343452618
1.0,1.0,7.614626469495973e-08,0.0939610156392316,0.00010001,1.990717016793701,59,8.947388864667124,28.213851805943516,0.006635538812961535,28.220487344756485
1.0,1.0,7.614626469495973e-08,0.0939610156392316,0.00010001,1.990717016793701,59,8.947388864667124,28.213851805943516,0.006635538812961535,28.220487344756485
1.0,1.0,1.1534828224931822e-07,0.09396098327457889,0.00010001,1.9907170184146616,59,8.947388865543772,28.213851807360946,0.006635539716658359,28.220487347077604
1.0,1.0,1.8816536107518368e-07,0.0939609231577886,0.00010001,1.990717021425569,59,8.947388867172139,28.2138518099938,0.006635541395259986,28.22048735138906
1.0,1.0,2.908659528878542e-07,0.0939608383695763,0.00010001,1.9907170256721267,59,8.947388869468764,28.213851813707148,0.006635543762745987,28.2204873574699
1.0,1.0,2.2949177740797652e-06,0.09395919385163945,0.0001,1.9907171085374926,59,8.94738889168493,28.213851818036442,0.006635591617704394,28.22048740965415
1.0,1.0,2.304917774079765e-06,0.09395918385163946,0.0001,1.9907171085374926,59,8.947388892049153,28.21385181874298,0.006635591617704394,28.220487410360686
1.0,1.0,2.2949177740797652e-06,0.09395918385163946,0.0001,1.9907171085374926,59,8.947388892515734,28.213851820074304,0.006635590231772508,28.220487410306074
1.0,1.0,2.2949177740797652e-06,0.09395918385163946,0.0001,1.9907171185374926,59,8.947388892619792,28.213851820327353,0.006635589960877359,28.220487410288225
1.0,1.0,5.529742916485556e-07,0.0939606219764954,0.00010001,1.990717036510022,59,8.947388875330123,28.21385182318422,0.006635549804951329,28.220487372989172
1.0,1.0,-4.182210371363131e-09,0.09396108830654402,0.00010001490116119385,1.9907170008419792,59,8.947388872880893,28.21385183381909,0.006635539209785243,28.22048737302887
1.0,0.99999999,2.2949177740797652e-06,0.09395918385163946,0.0001,1.9907171085374926,59,8.94738889998265,28.21385184272691,0.0066355902317725805,28.220487432958684
0.99999999,1.0,2.2949177740797652e-06,0.09395918385163946,0.0001,1.9907171085374926,59,8.94738889998265,28.21385184272691,0.0066355902317725805,28.220487432958684
1.0,1.0,2.2949177740797652e-06,0.09395918385163946,0.00010001,1.9907171085374926,59,8.947388914284097,28.213851886167816,0.006635589960877359,28.220487476128696
1.0,1.0,-1.8683493261879825e-05,0.09397216079438254,0.0001,1.9907159070192528,59,8.947388780695006,28.213851938052333,0.006639693279025902,28.220491631331356
1.0,1.0,-1.8673493261879823e-05,0.09397215079438255,0.0001,1.9907159070192528,59,8.947388781059228,28.213851938758868,0.0066396905062962915,28.220491629265158
1.0,1.0,-1.8683493261879825e-05,0.09397215079438255,0.0001,1.9907159070192528,59,8.947388781525811,28.213851940090187,0.006639691892661024,28.220491631982846
1.0,1.0,-1.8683493261879825e-05,0.09397215079438255,0.0001,1.9907159170192528,59,8.947388781629872,28.213851940343243,0.006639691621730431,28.220491631964972
0.99999999,1.0,-1.8683493261879825e-05,0.09397215079438255,0.0001,1.9907159070192528,59,8.94738878899274,28.21385196274283,0.0066396918926610975,28.22049165463549
1.0,0.99999999,-1.8683493261879825e-05,0.09397215079438255,0.0001,1.9907159070192528,59,8.94738878899274,28.21385196274283,0.0066396918926610975,28.220491654635495
1.0,1.0,-1.8683493261879825e-05,0.09397215079438255,0.00010001,1.9907159070192528,59,8.947388803294206,28.213852006183792,0.006639691621730431,28.22049169780552
1.0,1.0,1.0647224027797966e-05,0.09395263763872126,0.0001,1.9907175245001887,59,8.94738905100466,28.213852052666553,0.006635829278420457,28.22048788194497
1.0,1.0,1.0657224027797965e-05,0.09395262763872127,0.0001,1.9907175245001887,59,8.947389051368885,28.21385205337309,0.006635829278420457,28.22048788265151
1.0,1.0,1.0647224027797966e-05,0.09395262763872127,0.0001,1.9907175245001887,59,8.947389051835465,28.213852054704404,0.00663582789246208,28.220487882596863
1.0,1.0,1.0647224027797966e-05,0.09395262763872127,0.0001,1.9907175345001886,59,8.947389051939519,28.213852054957457,0.0066358276215792,28.220487882579036
1.0,0.99999999,1.0647224027797966e-05,0.09395262763872127,0.0001,1.9907175245001887,59,8.947389059302376,28.21385207735701,0.006635827892462153,28.220487905249477
0.99999999,1.0,1.0647224027797966e-05,0.09395262763872127,0.0001,1.9907175245001887,59,8.947389059302376,28.21385207735701,0.006635827892462153,28.220487905249477
1.0,1.0,1.0647224027797966e-05,0.09395262763872127,0.00010001,1.9907175245001887,59,8.947389073603818,28.213852120797885,0.0066358276215792,28.220487948419464
1.0,1.0,1.3728963265431329e-05,0.09395021860163301,0.0001,1.9907176779773867,59,8.947389109788695,28.213852139237886,0.0066359169691067805,28.220488056206992
1.0,1.0,1.3738963265431329e-05,0.09395020860163301,0.0001,1.9907176779773867,59,8.947389110152917,28.213852139944425,0.0066359169691067805,28.220488056913528
1.0,1.0,1.3728963265431329e-05,0.09395020860163301,0.0001,1.9907176779773867,59,8.947389110619499,28.213852141275744,0.006635915583138629,28.220488056858876
1.0,1.0,1.3728963265431329e-05,0.09395020860163301,0.0001,1.9907176879773867,59,8.947389110723554,28.213852141528786,0.006635915312260276,28.22048805684105
0.99999999,1.0,1.3728963265431329e-05,0.09395020860163301,0.0001,1.9907176779773867,59,8.947389118086408,28.213852163928344,0.006635915583138701,28.22048807951148
1.0,0.99999999,1.3728963265431329e-05,0.09395020860163301,0.0001,1.9907176779773867,59,8.947389118086408,28.213852163928344,0.006635915583138701,28.220488079511483
1.0,1.0,1.3728963265431329e-05,0.09395020860163301,0.00010001,1.9907176779773867,59,8.947389132387848,28.21385220736921,0.006635915312260276,28.220488122681473
1.0,1.0,3.99706196040887e-05,0.09392961999317016,0.0001,1.9907189848679374,59,8.94738961034811,28.213852876414897,0.0066366637027615045,28.220489540117658
1.0,1.0,3.99706196040887e-05,0.09392961999317016,0.0001,1.9907189848679374,59,8.94738961034811,28.213852876414897,0.0066366637027615045,28.220489540117658
1.0,1.0,3.99806196040887e-05,0.09392960999317017,0.0001,1.9907189848679374,59,8.947389610712335,28.213852877121436,0.0066366637027615045,28.2204895408242
1.0,1.0,3.99806196040887e-05,0.09392960999317017,0.0001,1.9907189848679374,59,8.947389610712335,28.213852877121436,0.0066366637027615045,28.2204895408242
1.0,1.0,3.99706196040887e-05,0.09392960999317017,0.0001,1.9907189848679374,59,8.947389611178913,28.213852878452748,0.006636662316710116,28.220489540769456
1.0,1.0,3.99706196040887e-05,0.09392960999317017,0.0001,1.9907189848679374,59,8.947389611178913,28.213852878452748,0.006636662316710116,28.220489540769456
1.0,1.0,3.99706196040887e-05,0.09392960999317017,0.0001,1.9907189948679374,59,8.947389611282958,28.21385287870578,0.006636662045870319,28.220489540751654
1.0,1.0,3.99706196040887e-05,0.09392960999317017,0.0001,1.9907189948679374,59,8.947389611282958,28.21385287870578,0.006636662045870319,28.220489540751654
0.99999999,1.0,3.99706196040887e-05,0.09392960999317017,0.0001,1.9907189848679374,59,8.947389618645808,28.213852901105305,0.00663666231671019,28.22048956342202
1.0,0.99999999,3.99706196040887e-05,0.09392960999317017,0.0001,1.9907189848679374,59,8.947389618645806,28.213852901105305,0.00663666231671019,28.220489563422017
0.99999999,1.0,3.99706196040887e-05,0.09392960999317017,0.0001,1.9907189848679374,59,8.947389618645808,28.213852901105305,0.00663666231671019,28.22048956342202
1.0,0.99999999,3.99706196040887e-05,0.09392960999317017,0.0001,1.9907189848679374,59,8.947389618645806,28.213852901105305,0.00663666231671019,28.220489563422017
1.0,1.0,3.99706196040887e-05,0.09392960999317017,0.00010001,1.9907189848679374,59,8.947389632947225,28.2138529445461,0.006636662045870319,28.22048960659196
1.0,1.0,3.99706196040887e-05,0.09392960999317017,0.00010001,1.9907189848679374,59,8.947389632947225,28.2138529445461,0.006636662045870319,28.22048960659196
1.0,1.0,7.615212976825301e-05,0.0939033781772727,0.0001,1.990720883476714,59,8.947390122134887,28.213853455273632,0.0066379900518082615,28.220491445325436
1.0,1.0,7.616212976825301e-05,0.09390336817727271,0.0001,1.990720883476714,59,8.947390122499113,28.21385345598018,0.006637990051808263,28.22049144603198
1.0,1.0,7.615212976825301e-05,0.09390336817727271,0.0001,1.990720883476714,59,8.947390122965691,28.213853457311487,0.006637988665610264,28.220491445977093
1.0,1.0,7.615212976825301e-05,0.09390336817727271,0.0001,1.990720893476714,59,8.947390123069724,28.213853457564504,0.006637988394826475,28.22049144595933
1.0,0.99999999,7.615212976825301e-05,0.09390336817727271,0.0001,1.990720883476714,59,8.947390130432565,28.213853479963987,0.006637988665610338,28.220491468629596
0.99999999,1.0,7.615212976825301e-05,0.09390336817727271,0.0001,1.990720883476714,59,8.947390130432566,28.213853479963987,0.006637988665610338,28.220491468629596
1.0,1.0,7.615212976825301e-05,0.09390336817727271,0.00010001,1.990720883476714,59,8.947390144733948,28.213853523404676,0.006637988394826475,28.2204915117995
1.0,1.0,0.0024080687433127683,0.09238692980589656,0.0001,1.9908514944672353,59,8.947408675640737,28.21385537159651,0.00674800895783944,28.22060338055435
1.0,1.0,0.0024080787433127682,0.09238691980589657,0.0001,1.9908514944672353,59,8.94740867600503,28.213855372303282,0.00674800895783944,28.22060338126112
1.0,1.0,0.0024080687433127683,0.09238691980589657,0.0001,1.9908514944672353,59,8.947408676471436,28.213855373634175,0.0067480075596132874,28.22060338119379
1.0,1.0,0.0024080687433127683,0.09238691980589657,0.0001,1.9908515044672352,59,8.947408676575069,28.213855373886787,0.006748007292682522,28.22060338117947
0.99999999,1.0,0.0024080687433127683,0.09238691980589657,0.0001,1.9908514944672353,59,8.947408683937127,28.213855396283485,0.006748007559613361,28.2206034038431
1.0,0.99999999,0.0024080687433127683,0.09238691980589657,0.0001,1.9908514944672353,59,8.947408683937127,28.213855396283492,0.006748007559613361,28.2206034038431
1.0,1.0,0.0024080687433127683,0.09238691980589657,0.00010001,1.9908514944672353,59,8.94740869823643,28.21385543971785,0.006748007292682522,28.220603447010532
1.0,1.0,0.00029088169544777326,0.09374763858252569,0.0001,1.9907321513158984,59,8.94739315956011,28.21385689096371,0.006645864868856746,28.220502755832573
1.0,1.0,0.00029089169544777325,0.0937476285825257,0.0001,1.9907321513158984,59,8.947393159924346,28.213856891670282,0.006645864868856746,28.220502756539144
1.0,1.0,0.00029088169544777326,0.0937476285825257,0.0001,1.9907321513158984,59,8.947393160390906,28.213856893001548,0.006645863481788643,28.22050275648334
1.0,1.0,0.00029088169544777326,0.0937476285825257,0.0001,1.9907321613158984,59,8.947393160494887,28.213856893254487,0.006645863211337258,28.220502756465827
1.0,0.99999999,0.00029088169544777326,0.0937476285825257,0.0001,1.9907321513158984,59,8.947393167857674,28.213856915653754,0.006645863481788719,28.220502779135547
0.99999999,1.0,0.00029088169544777326,0.0937476285825257,0.0001,1.9907321513158984,59,8.947393167857674,28.213856915653754,0.006645863481788719,28.220502779135547
1.0,1.0,0.00029088169544777326,0.0937476285825257,0.00010001,1.9907321513158984,59,8.947393182158864,28.213856959093835,0.006645863211337258,28.22050282230517
1.0,1.0,0.001687527858163793,0.09283775770647121,0.0001,1.9908103003369877,59,8.947404405901079,28.213858366722917,0.006711452732114953,28.22056981945503
1.0,1.0,0.0016875378581637929,0.09283774770647121,0.0001,1.9908103003369877,59,8.947404406265353,28.213858367429623,0.006711452732114953,28.220569820161728
1.0,1.0,0.001687527858163793,0.09283774770647121,0.0001,1.9908103003369877,59,8.947404406731813,28.213858368760636,0.006711451337867068,28.220569820098504
1.0,1.0,0.001687527858163793,0.09283774770647121,0.0001,1.9908103103369876,59,8.94740440683555,28.213858369013327,0.006711451069721076,28.22056982008305
1.0,0.99999999,0.001687527858163793,0.09283774770647121,0.0001,1.9908103003369877,59,8.94740441419787,28.21385839141093,0.006711451337867141,28.220569842748795
0.99999999,1.0,0.001687527858163793,0.09283774770647121,0.0001,1.9908103003369877,59,8.94740441419787,28.21385839141093,0.006711451337867141,28.220569842748795
1.0,1.0,0.001687527858163793,0.09283774770647121,0.00010001,1.9908103003369877,59,8.947404428497814,28.213858434847218,0.006711451069721076,28.220569885916937
1.0,1.0,0.00120921435935252,0.09313702881645272,0.0001,1.9907829546179936,59,8.947401572570048,28.213860358371253,0.006687247792857687,28.22054760616411
1.0,1.0,0.00120922435935252,0.09313701881645273,0.0001,1.9907829546179936,59,8.94740157293431,28.213860359077913,0.006687247792857687,28.22054760687077
1.0,1.0,0.00120921435935252,0.09313701881645273,0.0001,1.9907829546179936,59,8.947401573400803,28.21386036040902,0.006687246401250675,28.22054760681027
1.0,1.0,0.00120921435935252,0.09313701881645273,0.0001,1.9907829646179935,59,8.94740157350461,28.213860360661762,0.006687246132297986,28.220547606794057
1.0,0.99999999,0.00120921435935252,0.09313701881645273,0.0001,1.9907829546179936,59,8.947401580867101,28.213860383059952,0.00668724640125075,28.220547629461205
0.99999999,1.0,0.00120921435935252,0.09313701881645273,0.0001,1.9907829546179936,59,8.947401580867101,28.213860383059952,0.00668724640125075,28.220547629461205
1.0,1.0,0.00120921435935252,0.09313701881645273,0.00010001,1.9907829546179936,59,8.947401595167474,28.213860426497526,0.006687246132297986,28.220547672629817
1.0,1.0,0.0008838709909024071,0.09334058960084031,0.0001,1.9907643543728564,59,8.947399645841209,28.213861714621387,0.0066708121491926,28.220532526770583
1.0,1.0,0.0008838809909024072,0.09334057960084031,0.0001,1.9907643543728564,59,8.947399646205461,28.21386171532802,0.0066708121491926,28.22053252747721
1.0,1.0,0.0008838709909024071,0.09334057960084031,0.0001,1.9907643543728564,59,8.947399646671983,28.21386171665918,0.006670810759381881,28.220532527418563
1.0,1.0,0.0008838709909024071,0.09334057960084031,0.0001,1.9907643643728563,59,8.947399646775835,28.213861716911957,0.006670810489880484,28.22053252740184
0.99999999,1.0,0.0008838709909024071,0.09334057960084031,0.0001,1.9907643543728564,59,8.947399654138442,28.21386173931056,0.006670810759381956,28.22053255006994
1.0,0.99999999,0.0008838709909024071,0.09334057960084031,0.0001,1.9907643543728564,59,8.947399654138442,28.21386173931056,0.006670810759381956,28.22053255006994
1.0,1.0,0.0008838709909024071,0.09334057960084031,0.00010001,1.9907643543728564,59,8.947399668439104,28.213861782748996,0.006670810489880484,28.22053259323887
1.0,1.0,0.0006525943075471469,0.09348529475742189,0.0001,1.9907511320255702,59,8.947398276420119,28.213862679503386,0.006659142474426189,28.220521821977805
1.0,1.0,0.0006525943075471469,0.09348529475742189,0.0001,1.9907511320255702,59,8.947398276420119,28.213862679503386,0.006659142474426189,28.220521821977805
1.0,1.0,0.0006526043075471469,0.09348528475742189,0.0001,1.9907511320255702,59,8.947398276784366,28.21386268020999,0.006659142474426189,28.220521822684415
1.0,1.0,0.0006526043075471469,0.09348528475742189,0.0001,1.9907511320255702,59,8.947398276784366,28.21386268020999,0.006659142474426189,28.220521822684415
1.0,1.0,0.0006525943075471469,0.09348528475742189,0.0001,1.9907511320255702,59,8.947398277250901,28.213862681541197,0.006659141085892401,28.220521822627088
1.0,1.0,0.0006525943075471469,0.09348528475742189,0.0001,1.9907511320255702,59,8.947398277250901,28.213862681541197,0.006659141085892401,28.220521822627088
1.0,1.0,0.0006525943075471469,0.09348528475742189,0.0001,1.9907511420255701,59,8.947398277354788,28.213862681793994,0.006659140816000944,28.22052182261
1.0,1.0,0.0006525943075471469,0.09348528475742189,0.0001,1.9907511420255701,59,8.947398277354788,28.213862681793994,0.006659140816000944,28.22052182261
1.0,0.99999999,0.0006525943075471469,0.09348528475742189,0.0001,1.9907511320255702,59,8.947398284717481,28.21386270419289,0.006659141085892474,28.220521845278782
0.99999999,1.0,0.0006525943075471469,0.09348528475742189,0.0001,1.9907511320255702,59,8.947398284717481,28.21386270419289,0.006659141085892474,28.220521845278782
1.0,0.99999999,0.0006525943075471469,0.09348528475742189,0.0001,1.9907511320255702,59,8.947398284717481,28.21386270419289,0.006659141085892474,28.220521845278782
0.99999999,1.0,0.0006525943075471469,0.09348528475742189,0.0001,1.9907511320255702,59,8.947398284717481,28.21386270419289,0.006659141085892474,28.220521845278782
1.0,1.0,0.0006525943075471469,0.09348528475742189,0.00010001,1.9907511320255702,59,8.947398299018348,28.213862747631946,0.006659140816000944,28.22052188844794
1.0,1.0,0.0006525943075471469,0.09348528475742189,0.00010001,1.9907511320255702,59,8.947398299018348,28.213862747631946,0.006659140816000944,28.22052188844794
1.0,1.0,-0.0009696627136667746,0.09450030825927909,0.0001,1.9906583857728535,59,8.94738867622773,28.213869465406905,0.0068479310406586655,28.220717396447558
1.0,1.0,-0.0009696527136667745,0.0945002982592791,0.0001,1.9906583857728535,59,8.947388676591931,28.21386946611336,0.0068479282242948185,28.220717394337658
1.0,1.0,-0.0009696627136667746,0.0945002982592791,0.0001,1.9906583857728535,59,8.947388677058585,28.21386946744485,0.006847929632476668,28.22071739707733
1.0,1.0,-0.0009696627136667746,0.0945002982592791,0.0001,1.9906583957728534,59,8.94738867716271,28.213869467697837,0.006847929359849197,28.220717397057683
0.99999999,1.0,-0.0009696627136667746,0.0945002982592791,0.0001,1.9906583857728535,59,8.94738868452599,28.21386949009874,0.006847929632476744,28.220717419731216
1.0,0.99999999,-0.0009696627136667746,0.0945002982592791,0.0001,1.9906583857728535,59,8.94738868452599,28.21386949009874,0.006847929632476744,28.220717419731216
1.0,1.0,-0.0009696627136667746,0.0945002982592791,0.00010001,1.9906583857728535,59,8.947388698828302,28.213869533542148,0.006847929359849197,28.220717462901995
1.0,1.0,-0.0018053708761103064,0.09502319400266006,0.0001,1.9906106074002419,59,8.947383734375384,28.213872973393638,0.007041912997092505,28.220914886390737
1.0,1.0,-0.0018053608761103065,0.09502318400266006,0.0001,1.9906106074002419,59,8.947383734739564,28.21387297410001,0.007041910140650135,28.220914884240663
1.0,1.0,-0.0018053708761103064,0.09502318400266006,0.0001,1.9906106074002419,59,8.947383735206278,28.21387297543166,0.007041911568871247,28.220914887000525
1.0,1.0,-0.0018053708761103064,0.09502318400266006,0.0001,1.9906106174002418,59,8.947383735310526,28.213872975684726,0.007041911294834315,28.220914886979564
0.99999999,1.0,-0.0018053708761103064,0.09502318400266006,0.0001,1.9906106074002419,59,8.947383742674106,28.21387299808668,0.007041911568871321,28.220914909655544
1.0,0.99999999,-0.0018053708761103064,0.09502318400266006,0.0001,1.9906106074002419,59,8.947383742674106,28.21387299808668,0.007041911568871321,28.220914909655548
1.0,1.0,-0.0018053708761103064,0.09502318400266006,0.00010001,1.9906106074002419,59,8.947383756977164,28.213873041532324,0.007041911294834315,28.220914952827155
1.0,1.0,-0.0031907378985107926,0.09588999020965812,0.0001,1.9905314044143496,59,8.947375547735456,28.213878806954117,0.0073694922385931245,28.221248299192705
1.0,1.0,-0.0031907278985107927,0.09588998020965812,0.0001,1.9905314044143496,59,8.947375548099599,28.213878807660365,0.007369489315711939,28.221248296976075
1.0,1.0,-0.0031907378985107926,0.09588998020965812,0.0001,1.9905314044143496,59,8.947375548566413,28.213878808992256,0.007369490777152458,28.221248299769403
1.0,1.0,-0.0031907378985107926,0.09588998020965812,0.0001,1.9905314144143496,59,8.947375548670863,28.21387880924547,0.00736949050077904,28.221248299746254
1.0,0.99999999,-0.0031907378985107926,0.09588998020965812,0.0001,1.9905314044143496,59,8.947375556034944,28.213878831649147,0.0073694907771525335,28.221248322426295
0.99999999,1.0,-0.0031907378985107926,0.09588998020965812,0.0001,1.9905314044143496,59,8.947375556034944,28.213878831649147,0.0073694907771525335,28.221248322426295
1.0,1.0,-0.0031907378985107926,0.09588998020965812,0.00010001,1.9905314044143496,59,8.94737557033924,28.213878875098512,0.00736949050077904,28.221248365599287
1.0,1.0,-0.005457379970743408,0.0973081824425215,0.0001,1.9904018179458058,59,8.947362168262552,28.21388840072771,0.007921628910303107,28.221810029638014
1.0,1.0,-0.005457369970743408,0.0973081724425215,0.0001,1.9904018179458058,59,8.947362168626634,28.21388840143375,0.007921625878719314,28.22181002731247
1.0,1.0,-0.005457379970743408,0.0973081724425215,0.0001,1.9904018179458058,59,8.947362169093614,28.213888402766038,0.007921627394511138,28.221810030160547
1.0,1.0,-0.005457379970743408,0.0973081724425215,0.0001,1.9904018279458058,59,8.947362169198392,28.213888403019507,0.007921627114314917,28.221810030133824
0.99999999,1.0,-0.005457379970743408,0.0973081724425215,0.0001,1.9904018179458058,59,8.947362176563294,28.213888425426,0.00792162739451121,28.22181005282051
1.0,0.99999999,-0.005457379970743408,0.0973081724425215,0.0001,1.9904018179458058,59,8.947362176563294,28.213888425426,0.00792162739451121,28.22181005282051
1.0,1.0,-0.005457379970743408,0.0973081724425215,0.00010001,1.9904018179458058,59,8.94736219086961,28.213888468881446,0.007921627114314917,28.221810095995757
1.0,1.0,-0.009138090064422871,0.09961112851866862,0.0001,1.9901913876230757,59,8.947340481449451,28.2139041102143,0.008860993802615263,28.22276510401691
1.0,1.0,-0.009138080064422871,0.09961111851866862,0.0001,1.9901913876230757,59,8.94734048181343,28.213904110919987,0.008860990594513613,28.2227651015145
1.0,1.0,-0.009138090064422871,0.09961111851866862,0.0001,1.9901913876230757,59,8.947340482280678,28.213904112252933,0.008860992198564366,28.222765104451497
1.0,1.0,-0.009138090064422871,0.09961111851866862,0.0001,1.9901913976230756,59,8.947340482385995,28.2139041125068,0.008860991912160448,28.22276510441896
1.0,0.99999999,-0.009138090064422871,0.09961111851866862,0.0001,1.9901913876230757,59,8.947340489752232,28.21390413491789,0.008860992198564442,28.222765127116453
0.99999999,1.0,-0.009138090064422871,0.09961111851866862,0.0001,1.9901913876230757,59,8.947340489752232,28.21390413491789,0.008860992198564442,28.222765127116453
1.0,1.0,-0.009138090064422871,0.09961111851866862,0.00010001,1.9901913876230757,59,8.947340504061835,28.213904178383203,0.008860991912160448,28.22276517029537
1.0,1.0,-0.0150861112684079,0.10333268543130875,0.0001,1.989851332582145,59,8.947305539429074,28.213929838904278,0.01049091009859913,28.22442074900288
1.0,1.0,-0.0150861012684079,0.10333267543130875,0.0001,1.989851332582145,59,8.947305539792888,28.213929839609406,0.010490906605244927,28.224420746214648
1.0,1.0,-0.0150861112684079,0.10333267543130875,0.0001,1.989851332582145,59,8.94730554026057,28.213929840943415,0.010490908351921957,28.224420749295337
1.0,1.0,-0.0150861112684079,0.10333267543130875,0.0001,1.989851342582145,59,8.947305540366752,28.213929841197906,0.010490908055486414,28.224420749253383
1.0,0.99999999,-0.0150861112684079,0.10333267543130875,0.0001,1.989851332582145,59,8.947305547735155,28.213929863616432,0.01049090835192203,28.224420771968358
0.99999999,1.0,-0.0150861112684079,0.10333267543130875,0.0001,1.989851332582145,59,8.947305547735155,28.213929863616432,0.01049090835192203,28.224420771968358
1.0,1.0,-0.0150861112684079,0.10333267543130875,0.00010001,1.989851332582145,59,8.947305562050069,28.21392990709773,0.010490908055486414,28.224420815153213
1.0,1.0,-0.024663957020486883,0.10932535036044008,0.0001,1.9893037564021763,59,8.947249544529718,28.213972159966477,0.01340605024627716,28.227378210212756
1.0,1.0,-0.02466394702048688,0.10932534036044009,0.0001,1.9893037564021763,59,8.947249544893266,28.213972160670696,0.013406046293592891,28.227378206964282
1.0,1.0,-0.024663957020486883,0.10932534036044009,0.0001,1.9893037564021763,59,8.947249545361652,28.213972162006414,0.01340604826993495,28.227378210276342
1.0,1.0,-0.024663957020486883,0.10932534036044009,0.0001,1.9893037664021762,59,8.947249545469212,28.213972162261904,0.013406047957345912,28.227378210219246
1.0,0.99999999,-0.024663957020486883,0.10932534036044009,0.0001,1.9893037564021763,59,8.947249552841118,28.21397218469244,0.013406048269935026,28.22737823296238
0.99999999,1.0,-0.024663957020486883,0.10932534036044009,0.0001,1.9893037564021763,59,8.947249552841118,28.21397218469244,0.013406048269935026,28.22737823296238
1.0,1.0,-0.024663957020486883,0.10932534036044009,0.00010001,1.9893037564021763,59,8.947249567164608,28.21397222819951,0.013406047957345912,28.22737827615685
1.0,1.0,-0.04003944893677047,0.11894548557245838,0.0001,1.9884247222908962,59,8.947160358256303,28.21404240977595,0.0188354353809556,28.232877845156903
1.0,1.0,-0.04003943893677047,0.11894547557245838,0.0001,1.9884247222908962,59,8.947160358619422,28.214042410478715,0.018835430690900327,28.23287784116961
1.0,1.0,-0.04003944893677047,0.11894547557245838,0.0001,1.9884247222908962,59,8.947160359088937,28.214042411817182,0.01883543303592789,28.23287784485311
1.0,1.0,-0.04003944893677047,0.11894547557245838,0.0001,1.9884247322908961,59,8.947160359198698,28.214042412074207,0.01883543269740735,28.23287784477161
1.0,0.99999999,-0.04003944893677047,0.11894547557245838,0.0001,1.9884247222908962,59,8.947160366576266,28.214042434524146,0.018835433035927968,28.232877867560074
0.99999999,1.0,-0.04003944893677047,0.11894547557245838,0.0001,1.9884247222908962,59,8.947160366576266,28.214042434524146,0.018835433035927968,28.232877867560074
1.0,1.0,-0.04003944893677047,0.11894547557245838,0.00010001,1.9884247222908962,59,8.947160380913562,28.21404247807267,0.01883543269740735,28.23287791077008
1.0,1.0,-0.06464420725887046,0.13434018664650682,0.0001,1.987018040671687,59,8.947019460458401,28.214160800625656,0.029445925592995196,28.24360672621865
1.0,1.0,-0.06464419725887047,0.13434017664650683,0.0001,1.987018040671687,59,8.947019460820822,28.214160801326052,0.02944591972295586,28.243606721049012
1.0,1.0,-0.06464420725887046,0.13434017664650683,0.0001,1.987018040671687,59,8.94701946129215,28.21416080266895,0.02944592265797545,28.243606725326924
1.0,1.0,-0.06464420725887046,0.13434017664650683,0.0001,1.987018050671687,59,8.947019461405382,28.21416080292828,0.029445922277957802,28.243606725206234
1.0,0.99999999,-0.06464420725887046,0.13434017664650683,0.0001,1.987018040671687,59,8.947019468792126,28.21416082540954,0.029445922657975524,28.243606748067517
0.99999999,1.0,-0.06464420725887046,0.13434017664650683,0.0001,1.987018040671687,59,8.947019468792126,28.21416082540954,0.029445922657975524,28.243606748067517
1.0,1.0,-0.06464420725887046,0.13434017664650683,0.00010001,1.987018040671687,59,8.94701948315163,28.214160869024656,0.029445922277957802,28.243606791302614
1.0,1.0,-0.10387239661784664,0.1588844736072602,0.0001,1.9847753211048562,59,8.946799545252963,28.21436495510554,0.05125527994696885,28.26562023505251
1.0,1.0,-0.10387238661784665,0.15888446360726022,0.0001,1.9847753211048562,59,8.946799545614244,28.21436495580211,0.05125527219564149,28.26562022799775
1.0,1.0,-0.10387239661784664,0.15888446360726022,0.0001,1.9847753211048562,59,8.94679954608849,28.214364957152103,0.05125527607130509,28.265620233223405
1.0,1.0,-0.10387239661784664,0.15888446360726022,0.0001,1.9847753311048562,59,8.946799546207124,28.214364957414737,0.05125527562512722,28.26562023303986
1.0,0.99999999,-0.10387239661784664,0.15888446360726022,0.0001,1.9847753211048562,59,8.946799553608779,28.21436497994663,0.05125527607130516,28.265620256017925
0.99999999,1.0,-0.10387239661784664,0.15888446360726022,0.0001,1.9847753211048562,59,8.946799553608779,28.21436497994663,0.05125527607130516,28.265620256017925
1.0,1.0,-0.10387239661784664,0.15888446360726022,0.00010001,1.9847753211048562,59,8.94679956800396,28.21436502366855,0.05125527562512722,28.26562029929368
1.0,1.0,-0.011564759386263588,0.09598532718048425,0.0001,1.9898021096282426,59,8.947751380051159,28.21495743846782,0.008681079976570824,28.223638518444393
1.0,1.0,-0.011564749386263588,0.09598531718048425,0.0001,1.9898021096282426,59,8.947751380415339,28.214957439174057,0.008681076803843567,28.223638515977903
1.0,1.0,-0.011564759386263588,0.09598531718048425,0.0001,1.9898021096282426,59,8.947751380882872,28.214957440507725,0.008681078390207124,28.22363851889794
1.0,1.0,-0.011564759386263588,0.09598531718048425,0.0001,1.9898021196282425,59,8.947751380982886,28.214957440748115,0.008681078092319506,28.22363851884044
1.0,0.99999999,-0.011564759386263588,0.09598531718048425,0.0001,1.9898021096282426,59,8.947751388355286,28.214957463172627,0.008681078390207196,28.223638541562835
0.99999999,1.0,-0.011564759386263588,0.09598531718048425,0.0001,1.9898021096282426,59,8.947751388355286,28.21495746317263,0.008681078390207196,28.223638541562835
1.0,1.0,-0.011564759386263588,0.09598531718048425,0.00010001,1.9898021096282426,59,8.94775140266691,28.214957506636907,0.008681078092319506,28.223638584729226
1.0,1.0,0.2723198624985586,-0.1186561294337953,0.0001,1.9422441301455255,59,8.952494415200643,28.220999786935703,0.11763908588206967,28.338638872817775
1.0,1.0,0.2723198724985586,-0.1186561394337953,0.0001,1.9422441301455255,59,8.952494415611769,28.220999787749992,0.11763909741586172,28.338638885165857
1.0,1.0,0.2723198624985586,-0.1186561394337953,0.0001,1.9422441301455255,59,8.95249441609314,28.220999789132932,0.11763909164896567,28.3386388807819
1.0,1.0,0.2723198624985586,-0.1186561394337953,0.0001,1.9422441401455255,59,8.95249441610647,28.220999789236018,0.11763908994811764,28.338638879184135
1.0,0.99999999,0.2723198624985586,-0.1186561394337953,0.0001,1.9422441301455255,59,8.952494423412263,28.220999811370554,0.11763909164896576,28.338638903019522
0.99999999,1.0,0.2723198624985586,-0.1186561394337953,0.0001,1.9422441301455255,59,8.952494423412263,28.220999811370554,0.11763909164896576,28.338638903019522
1.0,1.0,0.2723198624985586,-0.1186561394337953,0.00010001,1.9422441301455255,59,8.952494437458524,28.220999853982306,0.11763908994811764,28.338638943930423
1.0,1.0,0.1220690686907854,-0.03127248758043757,0.0001,2.0,59,8.952178748529954,28.22336733028316,0.017341318998764475,28.240708649281927
1.0,1.0,0.1220690786907854,-0.03127249758043757,0.0001,2.0,59,8.952178748897234,28.223367331002827,0.01734132352234068,28.24070865452516
1.0,1.0,0.1220690686907854,-0.03127249758043757,0.0001,1.99999999,59,8.952178749321956,28.223367332201992,0.01734132125760265,28.240708653459595
1.0,1.0,0.1220690686907854,-0.03127249758043757,0.0001,2.0,59,8.952178749353536,28.223367332308065,0.017341321260552503,28.240708653568618
0.99999999,1.0,0.1220690686907854,-0.03127249758043757,0.0001,2.0,59,8.952178756756176,28.223367354766335,0.01734132126055258,28.24070867602689
1.0,0.99999999,0.1220690686907854,-0.03127249758043757,0.0001,2.0,59,8.952178756756176,28.223367354766335,0.01734132126055258,28.24070867602689
1.0,1.0,0.1220690686907854,-0.03127249758043757,0.00010001,2.0,59,8.952178770949722,28.223367397813387,0.017341321263502654,28.240708719076892
0.7946857984526253,-0.1973569616675377,-0.17735976353287697,-0.15557235106825829,0.0977831727682026,0.34051786786707505,59,12.548121457521805,36.457381884366946,5.130151380001766,41.58753326436871
0.7946857884526253,-0.1973569516675377,-0.17735976353287697,-0.15557235106825829,0.0977831727682026,0.34051786786707505,59,12.548121457521805,36.457381884366946,5.130151380001766,41.58753326436871
0.7946857884526253,-0.1973569616675377,-0.17735975353287697,-0.15557235106825829,0.0977831727682026,0.34051786786707505,59,12.548121480158946,36.457381930715584,5.130151395780416,41.58753332649601
0.7946857884526253,-0.1973569616675377,-0.17735976353287697,-0.15557235106825829,0.0977831727682026,0.34051787786707505,59,12.54812149047873,36.45738195193086,5.130151354621047,41.587533306551904
0.7946857884526253,-0.1973569616675377,-0.17735976353287697,-0.1555723410682583,0.0977831727682026,0.34051786786707505,59,12.548121491844132,36.45738195494322,5.130151395780416,41.58753335072363
0.7946857884526253,-0.1973569616675377,-0.17735976353287697,-0.15557235106825829,0.0977831727682026,0.34051786786707505,59,12.548121492814902,36.457381956672876,5.130151400691164,41.58753335736404
0.7946857884526253,-0.1973569616675377,-0.17735976353287697,-0.15557235106825829,0.0977831727682026,0.34051786786707505,59,12.548121492814902,36.457381956672876,5.130151400691164,41.58753335736404
0.7946857884526253,-0.1973569616675377,-0.17735976353287697,-0.15557235106825829,0.0977831827682026,0.34051786786707505,59,12.54812152901628,36.45738203079888,5.130151354621047,41.58753338541993
-0.22917357832193375,0.6814284939318895,0.7014256920665503,0.04445734620094299,1.0055128628285401,1.2482475632699006,59,13.96729118439584,39.32778873866502,2.2719757322928125,41.59976447095783
-0.3265287559479475,0.6814284939318895,0.7014256920665503,0.04445734620094299,1.0055128628285401,1.2482475632699006,59,14.060785397352841,39.51546429812571,2.501220251343734,42.016684549469446
-0.22917357832193375,-0.3749675750732422,0.5362187176942825,-0.4383886903524399,1.5451423136636981,1.2482475632699006,59,14.768034823554306,40.931752878401745,6.630379983447158,47.562132861848895
-0.22917357832193375,-0.3749675750732422,0.5362187176942825,-0.4383886903524399,1.5451423136636981,1.3157124980067922,59,14.790164458168753,40.97602222231541,6.794995160631555,47.771017382946965
-0.22917357832193375,-0.3749675750732422,0.7014256920665503,0.04445734620094299,1.0055128628285401,1.2482475632699006,59,15.033479452945711,41.462812279506444,5.506677503950512,46.96948978345696
-0.22917357832193375,-0.3749675750732422,0.5362187176942825,0.04445734620094299,1.0055128628285401,1.2482475632699006,59,15.116628470798759,41.62917829617105,5.345049352449719,46.974227648620776
-0.22917357832193375,-0.3749675750732422,0.5362187176942825,-0.4383886903524399,1.0055128628285401,1.2482475632699006,59,15.122090554420936,41.6401162942068,5.796897097570759,47.43701339177755
0.3050491660833359,-0.6869935914874077,-0.5227876827120781,-0.7881419435143471,1.3701156828564727,0.7299385247138868,59,15.476622027971572,42.35191968198741,5.466510346908356,47.81843002889577
0.1881350874900818,-0.8039076626300812,-0.02142021679901518,-0.7621230507793371,0.8734501849723761,1.9896574177148425,59,15.574212036856132,42.54567390997722,6.597760317432957,49.14343422741019
-0.8581186570227146,0.14983858540654182,0.7893930673599243,0.04869023337960243,0.7908964378063419,1.8193707018828353,59,15.625184332250821,42.648158272064215,6.476737190034679,49.12489546209889
-0.7278851307928562,0.2800721190869808,0.30006931722164154,0.3218567296862602,0.32553971622954836,1.4417469507909917,59,16.108995667619194,43.62028068394079,4.784082509859023,48.40436319379981
-0.9098686374977298,-0.42294391984964896,-0.2587380127669596,-0.0030597469310491565,1.0717978800565235,1.845488197003349,59,16.12567584167735,43.656554004317975,9.48351626400165,53.14007026831962
0.2040574892087239,-0.8340998442215486,-0.10884002182390673,0.6071956285645639,0.19105675876689038,0.9365051882040686,59,17.643361615594408,46.74884690939347,6.602193038969455,53.3510399483629
