Vᵢᵢ,Vᵢⱼ,Ƹᵢⱼ,Ʒᵢⱼ,γ1,γ2,γ3,n_data,raw_ssr_sum,raw_neglogprob_sum,param_penalty_sum,loss_final_sum
0.545364726891206,-0.09140860553224298,-0.4034408554900661,0.7306020346304273,0.0001,2.0,0.9963386183932039,39,8.647492911618027,24.320570833362485,0.992647676628813,25.313218509991298
0.545364726891206,-0.09140860553224298,-0.4034408703912273,0.7306020197292661,0.0001,2.0,0.9963386183932039,39,8.647492909529522,24.320570833362574,0.992647676628813,25.31321850999139
0.545364726891206,-0.09140862043340417,-0.4034408554900661,0.7306020197292661,0.0001,2.0,0.9963386183932039,39,8.647492922631649,24.320570843954382,0.9926476660373985,25.31321850999178
0.545364726891206,-0.09140860553224298,-0.4034408554900661,0.7306020197292661,0.0001,2.0,0.9963386183932039,39,8.647492917044131,24.32057084899479,0.992647660997649,25.31321850999244
0.545364726891206,-0.09140860553224298,-0.4034408554900661,0.7306020197292661,0.0001,2.0,0.9963386332943651,39,8.647492919580039,24.320570849058917,0.9926476609321981,25.31321850999111
0.545364726891206,-0.09140860553224298,-0.4034408554900661,0.7306020197292661,0.0001,1.9999999701976776,0.9963386183932039,39,8.64749291566682,24.32057085147734,0.9926476611285524,25.313218512605893
0.545364726891206,-0.09140860553224298,-0.4034408554900661,0.7306020197292661,0.00010001490116119385,2.0,0.9963386183932039,39,8.647492919916898,24.32057085745331,0.9926476609321981,25.3132185183855
0.5453647417923672,-0.09140860553224298,-0.4034408554900661,0.7306020197292661,0.0001,2.0,0.9963386183932039,39,8.64749292833207,24.32057087406146,0.9926476359316536,25.313218509993114
0.5453647663382356,-0.09140963148102224,-0.4034406921598028,0.7306018517396534,0.0001,2.0,0.9963384100737663,39,8.64749343993774,24.320570915412663,0.9926475949957527,25.31321851040842
0.5453647663382356,-0.09140963148102224,-0.403440707060964,0.7306018368384922,0.0001,2.0,0.9963384100737663,39,8.647493437849327,24.320570915412873,0.9926475949957527,25.313218510408632
0.5453647663382356,-0.09140963148102224,-0.4034406921598028,0.7306018468384923,0.0001,2.0,0.9963384100737663,39,8.647493441722595,24.320570920554587,0.9926475898544869,25.313218510409072
0.5453647663382356,-0.09140964638218343,-0.4034406921598028,0.7306018368384922,0.0001,2.0,0.9963384100737663,39,8.647493450958168,24.3205709260172,0.9926475844043997,25.313218510421592
0.5453647663382356,-0.09140963148102224,-0.4034406921598028,0.7306018368384922,0.0001,2.0,0.9963384100737663,39,8.647493445364294,24.320570931045822,0.9926475793645934,25.31321851041041
0.5453647663382356,-0.09140963148102224,-0.4034406921598028,0.7306018368384922,0.0001,2.0,0.9963384100737663,39,8.647493445364294,24.320570931045822,0.9926475793645934,25.31321851041041
0.5453647663382356,-0.09140963148102224,-0.4034406921598028,0.7306018368384922,0.0001,2.0,0.9963384200737664,39,8.64749344706579,24.320570931088227,0.9926475793206673,25.31321851040889
0.5453647663382356,-0.09140963148102224,-0.4034406921598028,0.7306018368384922,0.0001,2.0,0.9963384249749275,39,8.64749344789972,24.320570931109003,0.9926475792991383,25.31321851040814
0.5453647663382356,-0.09140963148102224,-0.4034406921598028,0.7306018368384922,0.0001,1.99999999,0.9963384100737663,39,8.647493444901642,24.320570931877917,0.9926475794085199,25.313218511286443
0.5453647663382356,-0.09140963148102224,-0.4034406921598028,0.7306018368384922,0.0001,1.9999999701976776,0.9963384100737663,39,8.647493443985486,24.320570933525666,0.9926475794955045,25.313218513021173
0.5453647663382356,-0.09140962148102225,-0.4034406921598028,0.7306018368384922,0.0001,2.0,0.9963384100737663,39,8.647493441610358,24.32057093442057,0.9926475759824371,25.313218510403008
0.5453647663382356,-0.09140963148102224,-0.4034406921598028,0.7306018368384922,0.00010001,2.0,0.9963384100737663,39,8.647493447292167,24.32057093672223,0.9926475793206673,25.3132185160429
0.5453647663382356,-0.09140963148102224,-0.4034406921598028,0.7306018368384922,0.00010001490116119385,2.0,0.9963384100737663,39,8.647493448237048,24.320570939504336,0.9926475792991383,25.313218518803474
0.5453647663382356,-0.09140963148102224,-0.40344068215980283,0.7306018368384922,0.0001,2.0,0.9963384100737663,39,8.647493450407502,24.320570941536918,0.9926475688747001,25.313218510411616
0.5453647763382357,-0.09140963148102224,-0.4034406921598028,0.7306018368384922,0.0001,2.0,0.9963384100737663,39,8.647493452939393,24.320570947867612,0.9926475625430895,25.313218510410703
0.5453647812393968,-0.09140963148102224,-0.4034406921598028,0.7306018368384922,0.0001,2.0,0.9963384100737663,39,8.647493456652073,24.320570956112245,0.9926475542986,25.31321851041084
0.545336999671836,-0.09140306344106734,-0.40340864831140477,0.7305894705426199,0.0001,2.0,0.9963147541081675,39,8.647486587826629,24.32057293496183,0.9926455865661308,25.313218521527954
0.545336999671836,-0.09140306344106734,-0.40340864831140477,0.7305894605426199,0.0001,2.0,0.9963147541081675,39,8.647486591468429,24.320572945453158,0.9926455760766478,25.313218521529805
0.545336999671836,-0.09140306344106734,-0.40340864831140477,0.7305894605426199,0.0001,2.0,0.9963147641081675,39,8.647486593169214,24.320572945494305,0.9926455760324296,25.31321852152674
0.545336999671836,-0.09140306344106734,-0.40340864831140477,0.7305894605426199,0.0001,1.99999999,0.9963147541081675,39,8.647486591006611,24.320572946286518,0.9926455761208661,25.313218522407382
0.545336999671836,-0.09140305344106735,-0.40340864831140477,0.7305894605426199,0.0001,2.0,0.9963147541081675,39,8.647486587720449,24.320572948837665,0.9926455726947346,25.3132185215324
0.545336999671836,-0.09140306344106734,-0.40340864831140477,0.7305894605426199,0.00010001,2.0,0.9963147541081675,39,8.647486593396643,24.32057295113009,0.9926455760324296,25.31321852716252
0.545336999671836,-0.09140306344106734,-0.4034086383114048,0.7305894605426199,0.0001,2.0,0.9963147541081675,39,8.64748659651205,24.3205729559451,0.9926455655871658,25.313218521532267
0.5453370096718361,-0.09140306344106734,-0.40340864831140477,0.7305894605426199,0.0001,2.0,0.9963147541081675,39,8.64748659904402,24.320572962275797,0.992645559254117,25.31321852152991
0.5452985849729531,-0.09137245942623766,-0.40323994348796943,0.7306445687740732,0.0001,2.0,0.9962433806392867,39,8.647499024783523,24.320637801142862,0.992581021535684,25.313218822678543
0.5452985849729531,-0.09137245942623766,-0.40323994348796943,0.7306445587740732,0.0001,2.0,0.9962433806392867,39,8.647499028420313,24.32063781162482,0.9925810110472522,25.31321882267207
0.5452985849729531,-0.09137245942623766,-0.40323994348796943,0.7306445587740732,0.0001,2.0,0.9962433906392868,39,8.647499030122866,24.320637811668824,0.9925810110021541,25.31321882267098
0.5452985849729531,-0.09137245942623766,-0.40323994348796943,0.7306445587740732,0.0001,1.99999999,0.9962433806392867,39,8.64749902796794,24.32063781247424,0.9925810110923509,25.313218823566583
0.5452985849729531,-0.09137244942623766,-0.40323994348796943,0.7306445587740732,0.0001,2.0,0.9962433806392867,39,8.647499024749022,24.32063781514376,0.9925810076664715,25.313218822810228
0.5452985849729531,-0.09137245942623766,-0.40323994348796943,0.7306445587740732,0.00010001,2.0,0.9962433806392867,39,8.647499030350296,24.3206378173048,0.9925810110021541,25.31321882830695
0.5452985849729531,-0.09137245942623766,-0.40323993348796944,0.7306445587740732,0.0001,2.0,0.9962433806392867,39,8.647499033465351,24.32063782211996,0.9925810005588203,25.313218822678778
0.5452985949729532,-0.09137245942623766,-0.40323994348796943,0.7306445587740732,0.0001,2.0,0.9962433806392867,39,8.647499036001937,24.32063782845857,0.9925809942232998,25.313218822681872
0.5453359176901643,-0.09065932821258962,-0.4035601547690939,0.7307355896613682,0.0001,2.0,0.9964907595458122,39,8.647228330937711,24.32073596583598,0.99270838087943,25.313444346715414
0.5453359176901643,-0.09065932821258962,-0.4035601398679327,0.7307356045625294,0.0001,2.0,0.9964907595458122,39,8.647228333095448,24.320735965925643,0.99270838087943,25.313444346805078
0.5453359176901643,-0.09065934311375082,-0.4035601398679327,0.7307355896613682,0.0001,2.0,0.9964907595458122,39,8.647228339124762,24.32073596728076,0.9927083702432193,25.313444337523983
0.5453359176901643,-0.09065932821258962,-0.4035601398679327,0.7307355896613682,0.0001,2.0,0.9964907595458122,39,8.647228338189594,24.320735980932835,0.9927083652447807,25.313444346177615
0.5453359176901643,-0.09065932821258962,-0.4035601398679327,0.7307355896613682,0.0001,2.0,0.9964907744469734,39,8.647228341078847,24.32073598168675,0.9927083651821254,25.313444346868877
0.5453359176901643,-0.09065932821258962,-0.4035601398679327,0.7307355896613682,0.0001,1.9999999701976776,0.9964907595458122,39,8.64722833790068,24.320735985377993,0.9927083653700919,25.31344435074808
0.5453359176901643,-0.09065932821258962,-0.4035601398679327,0.7307355896613682,0.00010001490116119385,2.0,0.9964907595458122,39,8.647228341072719,24.32073598939339,0.9927083651821254,25.31344435457552
0.5453359325913255,-0.09065932821258962,-0.4035601398679327,0.7307355896613682,0.0001,2.0,0.9964907595458122,39,8.647228349595638,24.32073600617706,0.9927083401771972,25.313444346354252
0.5451386925496496,-0.09137937628837384,-0.4039359210265663,0.7294950301258022,0.0001,2.0,0.9963676505697665,39,8.647471075834504,24.320846370443526,0.9923762393688014,25.313222609812332
0.5451386925496496,-0.09137937628837384,-0.4039359210265663,0.7294950201258021,0.0001,2.0,0.9963676505697665,39,8.647471079507824,24.320846380993626,0.9923762288845652,25.313222609878196
0.5451386925496496,-0.09137937628837384,-0.4039359210265663,0.7294950201258021,0.0001,2.0,0.9963676605697666,39,8.647471081191307,24.320846381009947,0.9923762288409996,25.313222609850943
0.5451386925496496,-0.09137937628837384,-0.4039359210265663,0.7294950201258021,0.0001,1.99999999,0.9963676505697665,39,8.647471079034077,24.320846381805907,0.9923762289281308,25.31322261073404
0.5451386925496496,-0.09137936628837384,-0.4039359210265663,0.7294950201258021,0.0001,2.0,0.9963676505697665,39,8.647471075659194,24.320846384212366,0.9923762255035283,25.313222609715893
0.5451386925496496,-0.09137937628837384,-0.4039359210265663,0.7294950201258021,0.00010001,2.0,0.9963676505697665,39,8.647471081439944,24.32084638667722,0.9923762288409996,25.313222615518217
0.5451386925496496,-0.09137937628837384,-0.4039359110265663,0.7294950201258021,0.0001,2.0,0.9963676505697665,39,8.647471084538527,24.32084639145761,0.9923762184003292,25.313222609857945
0.5451387025496497,-0.09137937628837384,-0.4039359210265663,0.7294950201258021,0.0001,2.0,0.9963676505697665,39,8.647471087077177,24.32084639780483,0.9923762120546968,25.313222609859523
0.543792723007035,-0.09099288969698979,-0.40145835563819654,0.7220340085143372,0.0001,2.0,1.0011452571375141,39,8.651125058509704,24.3292544643329,0.984133539716538,25.313388004049433
0.543792723007035,-0.09099288969698979,-0.40145835563819654,0.7220339985143371,0.0001,2.0,1.0011452571375141,39,8.651125062265121,24.32925447506593,0.9841335293242335,25.313388004390163
0.543792723007035,-0.09099288969698979,-0.40145835563819654,0.7220339985143371,0.0001,2.0,1.001145267137514,39,8.651125063955629,24.329254475127854,0.9841335293395923,25.31338800446744
0.543792723007035,-0.09099288969698979,-0.40145835563819654,0.7220339985143371,0.0001,1.99999999,1.0011452571375141,39,8.651125061820759,24.329254475927797,0.9841335293088753,25.31338800523667
0.543792723007035,-0.0909928796969898,-0.40145835563819654,0.7220339985143371,0.0001,2.0,1.0011452571375141,39,8.651125058596348,24.329254478638973,0.9841335259574969,25.31338800459647
0.543792723007035,-0.09099288969698979,-0.40145835563819654,0.7220339985143371,0.00010001,2.0,1.0011452571375141,39,8.651125064230582,24.329254480808032,0.9841335293395923,25.313388010147627
0.543792723007035,-0.09099288969698979,-0.40145834563819655,0.7220339985143371,0.0001,2.0,1.0011452571375141,39,8.651125067280764,24.329254485499856,0.9841335189319296,25.313388004431786
0.543792733007035,-0.09099288969698979,-0.40145835563819654,0.7220339985143371,0.0001,2.0,1.0011452571375141,39,8.651125069889318,24.329254491988873,0.9841335124445645,25.313388004433442
0.5751576192094925,-0.1276236707258799,-0.4649047680078911,0.7271849678082855,0.0001,1.7709927783713115,1.0092905712764988,39,8.649187349478199,24.331571220451742,1.0510321604013482,25.38260338085309
0.5751576192094925,-0.1276236707258799,-0.4649047680078911,0.7271849578082854,0.0001,1.7709927883713115,1.0092905712764988,39,8.649187352739212,24.331571228458873,1.0510321466659127,25.38260337512478
0.5751576192094925,-0.1276236707258799,-0.4649047680078911,0.7271849578082854,0.0001,1.7709927783713115,1.0092905712764988,39,8.649187353009104,24.3315712307096,1.0510321493745178,25.38260338008411
0.5751576192094925,-0.1276236707258799,-0.4649047680078911,0.7271849578082854,0.0001,1.7709927783713115,1.0092905812764987,39,8.649187355879429,24.33157123317414,1.0510321466659127,25.382603379840056
0.5751576192094925,-0.1276236707258799,-0.4649047680078911,0.7271849578082854,0.00010001,1.7709927783713115,1.0092905712764988,39,8.649187354614227,24.331571235713916,1.0510321466659127,25.382603382379827
0.5751576192094925,-0.1276236607258799,-0.4649047680078911,0.7271849578082854,0.0001,1.7709927783713115,1.0092905712764988,39,8.64918735289146,24.33157123729411,1.0510321446524422,25.382603381946545
0.5751576192094925,-0.1276236707258799,-0.4649047580078911,0.7271849578082854,0.0001,1.7709927783713115,1.0092905712764988,39,8.649187356861999,24.33157123889253,1.0510321383476886,25.382603377240212
0.5751576292094925,-0.1276236707258799,-0.4649047680078911,0.7271849578082854,0.0001,1.7709927783713115,1.0092905712764988,39,8.649187359826543,24.33157124608643,1.0510321336553499,25.382603379741784
0.5573362603379229,-0.1148104798354136,-0.44521003280311644,0.7088333599152905,0.0001,1.8403103712577629,1.0242095222110452,39,8.653836159800425,24.337354784192616,1.0141624677417205,25.35151725193434
0.5573362603379229,-0.1148104798354136,-0.44521003280311644,0.7088333499152905,0.0001,1.8403103812577628,1.0242095222110452,39,8.653836163032535,24.337354792152258,1.0141624553971316,25.35151724754939
0.5573362603379229,-0.1148104798354136,-0.44521003280311644,0.7088333499152905,0.0001,1.8403103712577629,1.0242095222110452,39,8.65383616319856,24.337354794252178,1.0141624570668193,25.351517251318995
0.5573362603379229,-0.1148104798354136,-0.44521003280311644,0.7088333499152905,0.0001,1.8403103712577629,1.0242095322110452,39,8.653836166345457,24.337354797327443,1.0141624553971316,25.351517252724577
0.5573362603379229,-0.1148104798354136,-0.44521003280311644,0.7088333499152905,0.00010001,1.8403103712577629,1.0242095222110452,39,8.653836164717053,24.337354799060364,1.0141624553971316,25.351517254457498
0.5573362603379229,-0.1148104798354136,-0.44521002280311645,0.7088333499152905,0.0001,1.8403103712577629,1.0242095222110452,39,8.653836166779218,24.33735480181682,1.014162446391918,25.351517248208733
0.5573362603379229,-0.11481046983541361,-0.44521003280311644,0.7088333499152905,0.0001,1.8403103712577629,1.0242095222110452,39,8.653836163055717,24.33735480227677,1.0141624528188316,25.351517255095604
0.557336270337923,-0.1148104798354136,-0.44521003280311644,0.7088333499152905,0.0001,1.8403103712577629,1.0242095222110452,39,8.653836169690186,24.337354808931497,1.0141624406882612,25.351517249619757
0.6263896855631033,-0.13451718700993145,-0.49566233937953663,0.7671052811925928,0.0001,1.7709900602938489,1.0071039998288485,39,8.660194776249233,24.34437711169942,1.0595400441718543,25.40391715587127
0.6263896855631033,-0.13451718700993145,-0.49566233937953663,0.7671052711925928,0.0001,1.7709900702938488,1.0071039998288485,39,8.660194778999406,24.344377118786532,1.0595400297556474,25.40391714854218
0.6263896855631033,-0.13451718700993145,-0.49566233937953663,0.7671052711925928,0.0001,1.7709900602938489,1.0071039998288485,39,8.660194779489679,24.3443771215424,1.059540032491254,25.40391715403365
0.6263896855631033,-0.13451718700993145,-0.49566233937953663,0.7671052711925928,0.0001,1.7709900602938489,1.0071040098288484,39,8.660194782660028,24.344377124251846,1.0595400297556474,25.40391715400749
0.6263896855631033,-0.13451718700993145,-0.49566233937953663,0.7671052711925928,0.00010001,1.7709900602938489,1.0071039998288485,39,8.66019478126412,24.3443771270986,1.0595400297556474,25.40391715685424
0.6263896855631033,-0.13451718700993145,-0.49566232937953664,0.7671052711925928,0.0001,1.7709900602938489,1.0071039998288485,39,8.660194783640165,24.344377130407185,1.0595400208106533,25.403917151217843
0.6263896855631033,-0.13451717700993146,-0.49566233937953663,0.7671052711925928,0.0001,1.7709900602938489,1.0071039998288485,39,8.660194781454141,24.344377131908935,1.0595400275141182,25.40391715942306
0.6263896955631033,-0.13451718700993145,-0.49566233937953663,0.7671052711925928,0.0001,1.7709900602938489,1.0071039998288485,39,8.660194787551333,24.34437713955965,1.0595400186676724,25.403917158227323
0.5414311307118113,-0.09028589456493391,-0.39117727149394355,0.7137847939528197,0.0001,1.985415954439281,1.0291785660992232,39,8.664384979457123,24.352222715045283,0.9689268041658335,25.321149519211122
0.5414311307118113,-0.09028589456493391,-0.39117727149394355,0.7137847839528196,0.0001,1.985415964439281,1.0291785660992232,39,8.664384980771025,24.352222719627168,0.9689267941261668,25.321149513753337
0.5414311307118113,-0.09028589456493391,-0.39117727149394355,0.7137847839528196,0.0001,1.985415954439281,1.0291785660992232,39,8.664384981835926,24.352222723273933,0.9689267939449344,25.321149517218867
0.5414311307118113,-0.09028589456493391,-0.39117727149394355,0.7137847839528196,0.0001,1.985415954439281,1.0291785760992231,39,8.664384985276229,24.35222272674386,0.9689267941261668,25.32114952087003
0.5414311307118113,-0.09028589456493391,-0.39117727149394355,0.7137847839528196,0.00010001,1.985415954439281,1.0291785660992232,39,8.66438498360985,24.352222728583907,0.9689267941261668,25.321149522710076
0.5414311307118113,-0.09028589456493391,-0.39117726149394355,0.7137847839528196,0.0001,1.985415954439281,1.0291785660992232,39,8.664384985908821,24.352222731834892,0.9689267837240354,25.32114951555893
0.5414311407118113,-0.09028589456493391,-0.39117727149394355,0.7137847839528196,0.0001,1.985415954439281,1.0291785660992232,39,8.664384989411559,24.35222273995074,0.9689267769778862,25.32114951692863
0.5414311307118113,-0.09028588456493392,-0.39117727149394355,0.7137847839528196,0.0001,1.985415954439281,1.0291785660992232,39,8.66438499088435,24.352222750389007,0.9689267906043564,25.321149540993368
0.548366789093341,-0.09154057058521153,-0.3959047188576226,0.7135323878603049,0.0001,2.0,1.0191329480244942,39,8.664114975182523,24.35242275422178,0.9623481862691909,25.314770940490966
0.548366789093341,-0.09154057058521153,-0.3959047188576226,0.7135323778603049,0.0001,2.0,1.0191329480244942,39,8.664114978893444,24.3524227649839,0.9623481760068977,25.314770940990797
0.548366789093341,-0.09154057058521153,-0.3959047188576226,0.7135323778603049,0.0001,2.0,1.019132958024494,39,8.664114980863962,24.352422765569887,0.9623481762441041,25.314770941813993
0.548366789093341,-0.09154057058521153,-0.3959047188576226,0.7135323778603049,0.0001,1.99999999,1.0191329480244942,39,8.664114978439693,24.352422765861466,0.9623481757696913,25.31477094163116
0.548366789093341,-0.09154056058521154,-0.3959047188576226,0.7135323778603049,0.0001,2.0,1.0191329480244942,39,8.66411497518075,24.352422768574183,0.962348172619897,25.314770941194077
0.548366789093341,-0.09154057058521153,-0.3959047188576226,0.7135323778603049,0.00010001,2.0,1.0191329480244942,39,8.664114980867652,24.35242277076957,0.9623481762441041,25.314770947013674
0.548366789093341,-0.09154057058521153,-0.3959047088576226,0.7135323778603049,0.0001,2.0,1.0191329480244942,39,8.664114983948686,24.35242277551656,0.9623481657446047,25.314770941261166
0.5483667990933411,-0.09154057058521153,-0.3959047188576226,0.7135323778603049,0.0001,2.0,1.0191329480244942,39,8.66411498668117,24.352422782267602,0.962348159296469,25.314770941564074
0.5512702094465346,-0.09301947024388674,-0.390623691777152,0.7238813856732356,0.0001,2.0,1.027075736113521,39,8.667742873368598,24.35255880031491,0.9634570826342339,25.316015882949138
0.5512702094465346,-0.09301947024388674,-0.390623691777152,0.7238813756732355,0.0001,2.0,1.027075736113521,39,8.667742876739275,24.352558810459673,0.9634570723250623,25.316015882784736
0.5512702094465346,-0.09301947024388674,-0.390623691777152,0.7238813756732355,0.0001,1.99999999,1.027075736113521,39,8.667742876098568,24.352558811039547,0.9634570719898946,25.316015883029436
0.5512702094465346,-0.09301946024388674,-0.390623691777152,0.7238813756732355,0.0001,2.0,1.027075736113521,39,8.667742871514509,24.352558811265403,0.9634570688833421,25.31601588014874
0.5512702094465346,-0.09301947024388674,-0.390623691777152,0.7238813756732355,0.0001,2.0,1.027075746113521,39,8.667742879028623,24.35255881157241,0.9634570726602297,25.31601588423264
0.5512702094465346,-0.09301947024388674,-0.390623691777152,0.7238813756732355,0.00010001,2.0,1.027075736113521,39,8.667742878560333,24.352558815967353,0.9634570726602297,25.31601588862758
0.5512702094465346,-0.09301947024388674,-0.390623681777152,0.7238813756732355,0.0001,2.0,1.027075736113521,39,8.667742881933016,24.352558821292646,0.9634570620158902,25.316015883308534
0.5512702194465346,-0.09301947024388674,-0.390623691777152,0.7238813756732355,0.0001,2.0,1.027075736113521,39,8.667742884344761,24.352558827393846,0.9634570557220599,25.316015883115902
0.5502159896927513,-0.09191447748319138,-0.3946274053883358,0.7144410031700307,0.0001,2.0,1.0230454232186759,39,8.66680220509723,24.35613255590495,0.9591152598869074,25.315247815791853
0.5502159896927513,-0.09191447748319138,-0.3946274053883358,0.7144409931700306,0.0001,2.0,1.0230454232186759,39,8.666802208740194,24.356132566562348,0.9591152496280247,25.31524781619037
0.5502159896927513,-0.09191447748319138,-0.3946274053883358,0.7144409931700306,0.0001,2.0,1.0230454332186758,39,8.66680221080916,24.35613256731659,0.9591152499134853,25.315247817230073
0.5502159896927513,-0.09191447748319138,-0.3946274053883358,0.7144409931700306,0.0001,1.99999999,1.0230454232186759,39,8.666802208262347,24.356132567408903,0.9591152493425648,25.315247816751466
0.5502159896927513,-0.09191446748319139,-0.3946274053883358,0.7144409931700306,0.0001,2.0,1.0230454232186759,39,8.666802204856577,24.356132569851745,0.9591152462271897,25.31524781607893
0.5502159896927513,-0.09191447748319138,-0.3946274053883358,0.7144409931700306,0.00010001,2.0,1.0230454232186759,39,8.666802210694897,24.356132572320654,0.9591152499134853,25.31524782223413
0.5502159896927513,-0.09191447748319138,-0.3946273953883358,0.7144409931700306,0.0001,2.0,1.0230454232186759,39,8.666802213825441,24.356132577162853,0.9591152393691421,25.31524781653199
0.5502159996927514,-0.09191447748319138,-0.3946274053883358,0.7144409931700306,0.0001,2.0,1.0230454232186759,39,8.666802216543061,24.35613258388582,0.9591152329860168,25.315247816871832
0.6366090724882889,-0.13232647569023492,-0.48681999215442073,0.7530287257687114,0.0001,1.764106641927835,0.9955326338898016,39,8.67673212810041,24.391276834154652,1.0232557416977988,25.414532575852448
0.6366090724882889,-0.13232647569023492,-0.48681999215442073,0.7530287157687113,0.0001,1.764106651927835,0.9955326338898016,39,8.6767321316033,24.391276842956525,1.0232557272659824,25.414532570222505
0.6366090724882889,-0.13232647569023492,-0.48681999215442073,0.7530287157687113,0.0001,1.764106641927835,0.9955326338898016,39,8.676732132311555,24.391276845915108,1.023255730229198,25.41453257614431
0.6366090724882889,-0.13232647569023492,-0.48681999215442073,0.7530287157687113,0.0001,1.764106641927835,0.9955326438898017,39,8.676732134085661,24.39127684595062,1.0232557272659824,25.414532573216604
0.6366090724882889,-0.13232647569023492,-0.48681999215442073,0.7530287157687113,0.00010001,1.764106641927835,0.9955326338898016,39,8.67673213491509,24.39127685313788,1.0232557272659824,25.41453258040386
0.6366090724882889,-0.13232647569023492,-0.48681998215442074,0.7530287157687113,0.0001,1.764106641927835,0.9955326338898016,39,8.676732137365995,24.391276856697743,1.0232557187605977,25.414532575458338
0.6366090724882889,-0.13232646569023493,-0.48681999215442073,0.7530287157687113,0.0001,1.764106641927835,0.9955326338898016,39,8.676732135512708,24.391276857680566,1.0232557253331185,25.41453258301368
0.636609082488289,-0.13232647569023492,-0.48681999215442073,0.7530287157687113,0.0001,1.764106641927835,0.9955326338898016,39,8.67673214205843,24.391276867387298,1.0232557167837337,25.414532584171035
0.6523459426927208,-0.14416184806969023,-0.468062697009558,0.7713593965524648,0.0001,1.7621742808808696,0.9928271249636457,39,8.704419791485654,24.43946934171826,1.0095071440233938,25.448976485741653
0.6523459426927208,-0.14416185806969023,-0.468062697009558,0.7713594065524648,0.0001,1.7621742808808696,0.9928271249636457,39,8.70441980528696,24.43946935882912,1.0095071608220367,25.448976519651158
0.6523459426927208,-0.14416185806969023,-0.468062697009558,0.7713593965524648,0.0001,1.7621742808808696,0.9928271349636457,39,8.70441981049634,24.43946936867802,1.009507146336967,25.448976515014984
0.6523459426927208,-0.14416185806969023,-0.468062697009558,0.7713593965524648,0.0001,1.7621742808808696,0.9928271249636457,39,8.70441981169802,24.43946937482939,1.0095071493573826,25.448976524186772
0.6523459426927208,-0.14416185806969023,-0.468062697009558,0.7713593965524648,0.0001,1.7621742908808695,0.9928271249636457,39,8.704419815143345,24.439469379583787,1.009507146336967,25.44897652592075
0.6523459426927208,-0.14416185806969023,-0.468062697009558,0.7713593965524648,0.00010001,1.7621742808808696,0.9928271249636457,39,8.704419814515694,24.439469382724166,1.009507146336967,25.44897652906113
0.6523459426927208,-0.14416185806969023,-0.468062687009558,0.7713593965524648,0.0001,1.7621742808808696,0.9928271249636457,39,8.704419819439348,24.43946939144798,1.0095071378927285,25.448976529340708
0.6523459526927209,-0.14416185806969023,-0.468062697009558,0.7713593965524648,0.0001,1.7621742808808696,0.9928271249636457,39,8.704419821535062,24.43946939713831,1.0095071364941826,25.448976533632496
0.6279732068925032,-0.13478756727030552,-0.32122421687761704,0.8840000448324874,0.0001,1.6869251785350998,1.0115496246137252,39,8.776417435513757,24.56279023765042,1.017497631567874,25.580287869218296
0.6279732068925032,-0.13478756727030552,-0.32122421687761704,0.8840000548324874,0.0001,1.6869251685350999,1.0115496246137252,39,8.776417441166517,24.562790246846255,1.0174976464337762,25.580287893280037
0.6279732068925032,-0.13478756727030552,-0.32122421687761704,0.8840000448324874,0.0001,1.6869251685350999,1.0115496246137252,39,8.776417439981074,24.56279024757655,1.0174976352854517,25.580287882861995
0.6279732068925032,-0.13478756727030552,-0.32122421687761704,0.8840000448324874,0.00010001,1.6869251685350999,1.0115496246137252,39,8.776417442402465,24.56279025416886,1.017497631567874,25.580287885736727
0.6279732068925032,-0.13478756727030552,-0.32122421687761704,0.8840000448324874,0.0001,1.6869251685350999,1.0115496346137252,39,8.776417445809095,24.562790255635587,1.017497631567874,25.580287887203458
0.6279732068925032,-0.13478756727030552,-0.32122420687761705,0.8840000448324874,0.0001,1.6869251685350999,1.0115496246137252,39,8.776417447334893,24.56279026386628,1.0174976241371272,25.580287888003408
0.6279732168925033,-0.13478756727030552,-0.32122421687761704,0.8840000448324874,0.0001,1.6869251685350999,1.0115496246137252,39,8.776417451682192,24.562790272504877,1.0174976215204605,25.580287894025343
0.6279732068925032,-0.13478755727030553,-0.32122421687761704,0.8840000448324874,0.0001,1.6869251685350999,1.0115496246137252,39,8.776417462766819,24.562790293623564,1.0174976302983119,25.58028792392188
0.45423782465571383,-0.17281260293478623,-0.2035606455723469,0.9423856609598259,0.30859673724640246,1.4846348947615957,1.0732569753341177,39,8.850307167545447,24.760050993974286,1.224627010327775,25.984678004302058
0.45423782465571383,-0.17281260293478623,-0.2035606455723469,0.9423856609598259,0.30859673724640246,1.4846348847615958,1.0732569753341177,39,8.85030717041591,24.7600510032763,1.2246270119744151,25.984678015250708
0.45423782465571383,-0.17281260293478623,-0.2035606455723469,0.942385670959826,0.30859673724640246,1.4846348847615958,1.0732569753341177,39,8.850307172711759,24.760051008896724,1.2246270225744187,25.984678031471134
0.45423782465571383,-0.17281260293478623,-0.2035606455723469,0.9423856609598259,0.30859674724640246,1.4846348847615958,1.0732569753341177,39,8.850307172955329,24.760051009681266,1.224627010327775,25.984678020009046
0.45423782465571383,-0.17281260293478623,-0.2035606455723469,0.9423856609598259,0.30859673724640246,1.4846348847615958,1.0732569853341176,39,8.85030717751561,24.76005101965355,1.224627010327775,25.984678029981325
0.4542378346557138,-0.17281260293478623,-0.2035606455723469,0.9423856609598259,0.30859673724640246,1.4846348847615958,1.0732569753341177,39,8.850307178824645,24.760051021235228,1.224626991781215,25.984678013016445
0.45423782465571383,-0.17281260293478623,-0.2035606355723469,0.9423856609598259,0.30859673724640246,1.4846348847615958,1.0732569753341177,39,8.850307179778783,24.760051023420875,1.224627001374412,25.984678024795286
0.45423782465571383,-0.17281259293478624,-0.2035606455723469,0.9423856609598259,0.30859673724640246,1.4846348847615958,1.0732569753341177,39,8.850307176347153,24.76005102567158,1.2246270055803494,25.984678031251924
0.18733115361264424,-0.19042444563554706,-0.15371344030687747,0.7206517642988624,0.874926274438754,1.1817965086722608,1.0599190596191046,39,8.926343403215082,24.977478401013126,1.6508583366197482,26.62833673763288
0.18733115361264424,-0.19042445563554705,-0.15371344030687747,0.7206517742988624,0.874926274438754,1.1817965086722608,1.0599190596191046,39,8.926343407812062,24.977478404421063,1.6508583517533315,26.62833675617439
0.18733115361264424,-0.19042445563554705,-0.15371344030687747,0.7206517642988624,0.874926274438754,1.1817965186722608,1.0599190596191046,39,8.92634341010124,24.977478406284426,1.6508583451040362,26.628336751388463
0.18733115361264424,-0.19042445563554705,-0.15371344030687747,0.7206517642988624,0.874926274438754,1.1817965086722608,1.0599190596191046,39,8.926343410986346,24.977478410110955,1.6508583436654531,26.62833675377641
0.18733115361264424,-0.19042445563554705,-0.15371344030687747,0.7206517642988624,0.874926274438754,1.1817965086722608,1.0599190696191045,39,8.926343412031311,24.977478413348408,1.6508583451040362,26.62833675845244
0.18733115361264424,-0.19042445563554705,-0.15371344030687747,0.7206517642988624,0.8749262844387541,1.1817965086722608,1.0599190596191046,39,8.926343415086862,24.977478419333806,1.6508583451040362,26.62833676443784
0.18733115361264424,-0.19042445563554705,-0.15371343030687748,0.7206517642988624,0.874926274438754,1.1817965086722608,1.0599190596191046,39,8.926343419202967,24.977478426887753,1.6508583355775748,26.62833676246533
0.18733116361264424,-0.19042445563554705,-0.15371344030687747,0.7206517642988624,0.874926274438754,1.1817965086722608,1.0599190596191046,39,8.92634342238907,24.977478436429873,1.6508583135967059,26.628336750026584
0.39641900271990416,-0.2416419115238571,-0.2100947786927364,1.0,0.4977473865273391,1.4406382872657513,1.1087128450154191,39,8.980040852597424,24.988199328221416,1.4606168109781188,26.448816139199536
0.39641900271990416,-0.2416419215238571,-0.2100947786927364,1.0,0.4977473865273391,1.4406382872657513,1.1087128450154191,39,8.98004088958869,24.9881993914628,1.4606168199188696,26.448816211381672
0.39641900271990416,-0.2416419215238571,-0.2100947786927364,0.99999999,0.4977473865273391,1.4406382872657513,1.1087128450154191,39,8.980040891031148,24.988199393298828,1.4606168087254932,26.448816202024325
0.39641900271990416,-0.2416419215238571,-0.2100947786927364,1.0,0.49774739652733907,1.4406382872657513,1.1087128450154191,39,8.980040891380318,24.988199396560635,1.4606168204997514,26.448816217060383
0.39641901271990415,-0.2416419215238571,-0.2100947786927364,1.0,0.4977473865273391,1.4406382872657513,1.1087128450154191,39,8.980040891746414,24.988199398673373,1.4606167975863729,26.44881619625975
0.39641900271990416,-0.2416419215238571,-0.2100947786927364,1.0,0.4977473865273391,1.4406382872657513,1.108712855015419,39,8.98004089320068,24.988199400920283,1.4606168204997514,26.448816221420035
0.39641900271990416,-0.2416419215238571,-0.2100947786927364,1.0,0.4977473865273391,1.4406382972657512,1.1087128450154191,39,8.98004089772244,24.988199402713263,1.4606168204997514,26.448816223213015
0.39641900271990416,-0.2416419215238571,-0.2100947686927364,1.0,0.4977473865273391,1.4406382872657513,1.1087128450154191,39,8.980040903989932,24.988199422017438,1.4606168087254932,26.44881623074293
0.12597367899841133,-0.16812419031853243,-0.1527538208262915,0.5853127784284144,0.9749296306560118,1.1064270832522654,1.0274942579589128,39,8.934272016876921,24.997810473313038,1.7247972554180186,26.72260772873106
0.12597367899841133,-0.16812420031853242,-0.1527538208262915,0.5853127884284145,0.9749296306560118,1.1064270832522654,1.0274942579589128,39,8.934272018869066,24.997810473492162,1.72479726846573,26.72260774195789
0.12597367899841133,-0.16812420031853242,-0.1527538208262915,0.5853127784284144,0.9749296306560118,1.1064270932522653,1.0274942579589128,39,8.934272022930239,24.997810480825347,1.7247972629811095,26.722607743806456
0.12597367899841133,-0.16812420031853242,-0.1527538208262915,0.5853127784284144,0.9749296306560118,1.1064270832522654,1.0274942679589127,39,8.93427202358794,24.99781048317977,1.7247972629811095,26.722607746160882
0.12597367899841133,-0.16812420031853242,-0.1527538208262915,0.5853127784284144,0.9749296306560118,1.1064270832522654,1.0274942579589128,39,8.934272023883663,24.997810483745337,1.724797261638614,26.722607745383957
0.12597367899841133,-0.16812420031853242,-0.1527538208262915,0.5853127784284144,0.9749296406560118,1.1064270832522654,1.0274942579589128,39,8.93427202740725,24.997810491463856,1.7247972629811095,26.722607754444965
0.12597367899841133,-0.16812420031853242,-0.1527538108262915,0.5853127784284144,0.9749296306560118,1.1064270832522654,1.0274942579589128,39,8.934272029826046,24.997810495830144,1.7247972548114978,26.722607750641643
0.12597368899841133,-0.16812420031853242,-0.1527538208262915,0.5853127784284144,0.9749296306560118,1.1064270832522654,1.0274942579589128,39,8.934272037590002,24.997810514852162,1.72479722929964,26.722607744151798
0.06850052813180477,-0.12096571975659261,-0.1436945632098951,0.4245335175648644,1.0209570474540464,1.027431789547957,0.9858506539944075,39,8.947110309517495,25.029770382598684,1.782355749567512,26.8121261321662
0.06850052813180477,-0.12096571975659261,-0.1436945632098951,0.4245335075648644,1.0209570474540464,1.027431799547957,0.9858506539944075,39,8.947110313811185,25.029770391495596,1.7823557447336897,26.81212613622929
0.06850052813180477,-0.12096570975659261,-0.1436945632098951,0.4245335075648644,1.0209570474540464,1.027431789547957,0.9858506539944075,39,8.947110313833813,25.029770393113647,1.7823557398356709,26.812126132949317
0.06850052813180477,-0.12096571975659261,-0.1436945632098951,0.4245335075648644,1.0209570474540464,1.027431789547957,0.9858506639944076,39,8.94711031490981,25.02977039368069,1.7823557447336897,26.81212613841438
0.06850052813180477,-0.12096571975659261,-0.1436945632098951,0.4245335075648644,1.0209570474540464,1.027431789547957,0.9858506539944075,39,8.947110315192946,25.02977039456309,1.7823557443114029,26.812126138874493
0.06850052813180477,-0.12096571975659261,-0.1436945632098951,0.4245335075648644,1.0209570574540463,1.027431789547957,0.9858506539944075,39,8.94711031735686,25.029770399209873,1.7823557447336897,26.812126143943562
0.06850052813180477,-0.12096571975659261,-0.1436945532098951,0.4245335075648644,1.0209570474540464,1.027431789547957,0.9858506539944075,39,8.947110317599558,25.029770399716487,1.782355739055293,26.812126138771784
0.06850053813180476,-0.12096571975659261,-0.1436945632098951,0.4245335075648644,1.0209570474540464,1.027431789547957,0.9858506539944075,39,8.947110330244577,25.029770427900687,1.7823557098459222,26.81212613774661
0.030309359875302536,-0.07289955301707499,-0.0978677286886892,0.34245847739643154,1.00289413980497,0.9815178879196176,0.9606699700335642,39,8.951652068269771,25.039611168384422,1.8409190961178434,26.880530264502262
0.030309359875302536,-0.07289955301707499,-0.0978677286886892,0.34245846739643154,1.00289413980497,0.9815178979196176,0.9606699700335642,39,8.951652071286265,25.03961117490801,1.8409190913675035,26.880530266275517
0.030309359875302536,-0.07289955301707499,-0.0978677286886892,0.34245846739643154,1.00289413980497,0.9815178879196176,0.9606699700335642,39,8.95165207258305,25.03961117763063,1.840919092044826,26.88053026967546
0.030309359875302536,-0.07289955301707499,-0.0978677286886892,0.34245846739643154,1.00289413980497,0.9815178879196176,0.9606699800335643,39,8.951652072768141,25.039611177739065,1.8409190913675035,26.880530269106576
0.030309359875302536,-0.07289955301707499,-0.09786771868868921,0.34245846739643154,1.00289413980497,0.9815178879196176,0.9606699700335642,39,8.951652072745436,25.03961117849617,1.8409190879718087,26.88053026646797
0.030309359875302536,-0.07289955301707499,-0.0978677286886892,0.34245846739643154,1.00289414980497,0.9815178879196176,0.9606699700335642,39,8.95165207348041,25.039611179571057,1.8409190913675035,26.880530270938564
0.030309359875302536,-0.07289954301707499,-0.0978677286886892,0.34245846739643154,1.00289413980497,0.9815178879196176,0.9606699700335642,39,8.951652077404463,25.03961118792714,1.8409190893475427,26.88053027727469
0.030309369875302538,-0.07289955301707499,-0.0978677286886892,0.34245846739643154,1.00289413980497,0.9815178879196176,0.9606699700335642,39,8.951652086229354,25.03961120804646,1.8409190561662725,26.88053026421273
0.04458358020009109,-0.08942285151960479,-0.12196869744797946,0.35963135652690575,1.0187119120700614,0.9937071840893812,0.9674863766101945,39,8.956800812267776,25.05084121943136,1.8110320278480136,26.861873247279373
0.04458358020009109,-0.08942285151960479,-0.12196869744797946,0.35963134652690576,1.0187119120700614,0.9937071940893812,0.9674863766101945,39,8.956800816079156,25.05084122752931,1.811032023145381,26.86187325067469
0.04458358020009109,-0.08942285151960479,-0.12196869744797946,0.35963134652690576,1.0187119120700614,0.9937071840893812,0.9674863866101946,39,8.956800817472708,25.05084123017747,1.811032023145381,26.861873253322845
0.04458358020009109,-0.08942285151960479,-0.12196869744797946,0.35963134652690576,1.0187119120700614,0.9937071840893812,0.9674863766101945,39,8.956800817485384,25.050841230492942,1.8110320233932131,26.86187325388616
0.04458358020009109,-0.08942285151960479,-0.12196868744797947,0.35963134652690576,1.0187119120700614,0.9937071840893812,0.9674863766101945,39,8.956800818355534,25.050841232694104,1.8110320189384133,26.861873251632513
0.04458358020009109,-0.08942285151960479,-0.12196869744797946,0.35963134652690576,1.0187119220700613,0.9937071840893812,0.9674863766101945,39,8.956800818910283,25.05084123354414,1.811032023145381,26.86187325668952
0.04458358020009109,-0.08942284151960479,-0.12196869744797946,0.35963134652690576,1.0187119120700614,0.9937071840893812,0.9674863766101945,39,8.95680082035575,25.05084123690496,1.811032020084568,26.861873256989526
0.04458359020009109,-0.08942285151960479,-0.12196869744797946,0.35963134652690576,1.0187119120700614,0.9937071840893812,0.9674863766101945,39,8.95680083287125,25.05084126428404,1.8110319880428063,26.86187325232684
0.021930282832733218,-0.08452411670785037,-0.0004699429842659336,0.29342663616403264,0.939948259891261,0.9557079406630846,0.9280080137192456,39,9.006083714221967,25.1510227100422,1.842088044929731,26.99311075497193
0.021930282832733218,-0.08452412670785037,-0.0004699429842659336,0.29342664616403263,0.939948259891261,0.9557079406630846,0.9280080137192456,39,9.006083715568886,25.151022711146037,1.8420880507756665,26.993110761921706
0.021930282832733218,-0.08452412670785037,-0.0004699429842659336,0.29342663616403264,0.939948259891261,0.9557079406630846,0.9280080237192456,39,9.006083722815266,25.151022725938937,1.8420880458823155,26.993110771821254
0.021930282832733218,-0.08452412670785037,-0.0004699429842659336,0.29342663616403264,0.939948259891261,0.9557079506630847,0.9280080137192456,39,9.006083724546437,25.151022729408233,1.8420880458823155,26.993110775290546
0.021930282832733218,-0.08452412670785037,-0.0004699429842659336,0.29342663616403264,0.939948259891261,0.9557079406630846,0.9280080137192456,39,9.006083724671319,25.15102272982827,1.8420880480571233,26.99311077788539
0.021930282832733218,-0.08452412670785037,-0.0004699429842659336,0.29342663616403264,0.939948269891261,0.9557079406630846,0.9280080137192456,39,9.006083725444876,25.15102273143572,1.8420880458823155,26.99311077731804
0.021930282832733218,-0.08452412670785037,-0.0004699329842659336,0.29342663616403264,0.939948259891261,0.9557079406630846,0.9280080137192456,39,9.006083730907074,25.151022742331413,1.8420880453385795,26.99311078766999
0.02193029283273322,-0.08452412670785037,-0.0004699429842659336,0.29342663616403264,0.939948259891261,0.9557079406630846,0.9280080137192456,39,9.006083743351674,25.151022769335217,1.8420880118685443,26.99311078120376
-0.14855182241237025,0.11867263695277513,0.4942915029469005,0.24123344880580286,0.5784075962691686,0.8464129641808552,0.8553371040280005,39,9.100250964398832,25.374824807004682,3.03627189532566,28.411096702330344
-0.14855182241237025,0.11867263695277513,0.4942915029469005,0.24123345880580285,0.5784075862691685,0.8464129641808552,0.8553371040280005,39,9.10025096468593,25.37482480976652,3.036271911007322,28.411096720773834
-0.14855182241237025,0.11867263695277513,0.4942915029469005,0.24123344880580286,0.5784075862691685,0.8464129641808552,0.8553371140280005,39,9.100250967064234,25.374824813406924,3.03627189532566,28.411096708732583
-0.14855182241237025,0.11867263695277513,0.4942915029469005,0.24123344880580286,0.5784075862691685,0.8464129641808552,0.8553371040280005,39,9.100250967635251,25.3748248138276,3.036271904203716,28.411096718031317
-0.14855182241237025,0.11867263695277513,0.4942915029469005,0.24123344880580286,0.5784075862691685,0.8464129741808553,0.8553371040280005,39,9.100250969560053,25.374824818563503,3.03627189532566,28.411096713889158
-0.14855182241237025,0.11867264695277513,0.4942915029469005,0.24123344880580286,0.5784075862691685,0.8464129641808552,0.8553371040280005,39,9.100250971398742,25.374824826045113,3.036271908594604,28.411096734639717
-0.14855182241237025,0.11867263695277513,0.4942915129469005,0.24123344880580286,0.5784075862691685,0.8464129641808552,0.8553371040280005,39,9.100250973776669,25.374824826384145,3.036271911007322,28.41109673739147
-0.14855181241237025,0.11867263695277513,0.4942915029469005,0.24123344880580286,0.5784075862691685,0.8464129641808552,0.8553371040280005,39,9.100250979697684,25.374824838369168,3.0362718617072986,28.411096700076463
-0.22589436957790884,0.15892658765512938,0.54239403885969,0.25430371160278,0.5392616171363503,0.8420396282343814,0.8411079782351074,39,9.096208935495534,25.393035970750212,3.493365416490865,28.88640138724107
-0.22589436957790884,0.15892658765512938,0.54239403885969,0.25430371160278,0.5392616071363503,0.8420396282343814,0.8411079882351075,39,9.096208936634772,25.393035974991093,3.4933654164908656,28.886401391481957
-0.22589436957790884,0.15892658765512938,0.54239403885969,0.25430371160278,0.5392616071363503,0.8420396282343814,0.8411079782351074,39,9.096208938567683,25.393035977602572,3.4933654260811515,28.886401403683728
-0.22589436957790884,0.15892658765512938,0.54239403885969,0.25430372160278,0.5392616071363503,0.8420396282343814,0.8411079782351074,39,9.09620893911337,25.393035981714494,3.493365433450606,28.8864014151651
-0.22589436957790884,0.15892658765512938,0.54239404885969,0.25430371160278,0.5392616071363503,0.8420396282343814,0.8411079782351074,39,9.096208940988845,25.393035982699175,3.493365433450606,28.88640141614978
-0.22589435957790885,0.15892658765512938,0.54239403885969,0.25430371160278,0.5392616071363503,0.8420396282343814,0.8411079782351074,39,9.096208942229502,25.393035985067748,3.493365380723062,28.88640136579081
-0.22589436957790884,0.15892658765512938,0.54239403885969,0.25430371160278,0.5392616071363503,0.8420396382343814,0.8411079782351074,39,9.096208941723086,25.39303598573497,3.493365416490865,28.886401402225825
-0.22589436957790884,0.15892659765512937,0.54239403885969,0.25430371160278,0.5392616071363503,0.8420396282343814,0.8411079782351074,39,9.096208946376553,25.393036000670758,3.493365431961436,28.886401432632187
0.06460780220452154,-0.03603672457177494,0.14377976175737783,0.24919625588024602,0.8610989876392438,0.9243548445364406,0.8952565912020752,39,9.271060719905629,25.691276833906887,1.7553663790973424,27.44664321300423
0.06460780220452154,-0.03603671457177494,0.14377976175737783,0.24919624588024603,0.8610989876392438,0.9243548445364406,0.8952565912020752,39,9.271060728273643,25.69127685011257,1.7553663741289558,27.446643224241527
0.06460780220452154,-0.03603672457177494,0.14377976175737783,0.24919624588024603,0.8610989876392438,0.9243548445364406,0.8952566012020753,39,9.271060731260011,25.691276856892426,1.7553663715244094,27.446643228416832
0.06460780220452154,-0.03603672457177494,0.14377976175737783,0.24919624588024603,0.8610989876392438,0.9243548545364406,0.8952565912020752,39,9.271060732910776,25.691276860153632,1.7553663715244097,27.44664323167804
0.06460780220452154,-0.03603672457177494,0.14377976175737783,0.24919624588024603,0.8610989876392438,0.9243548445364406,0.8952565912020752,39,9.271060733180496,25.691276860684773,1.7553663754623143,27.44664323614709
0.06460780220452154,-0.03603672457177494,0.14377976175737783,0.24919624588024603,0.8610989976392438,0.9243548445364406,0.8952565912020752,39,9.271060736727973,25.691276867849677,1.7553663715244097,27.446643239374083
0.06460780220452154,-0.03603672457177494,0.14377977175737783,0.24919624588024603,0.8610989876392438,0.9243548445364406,0.8952565912020752,39,9.271060744945848,25.691276884818187,1.7553663790973424,27.446643263915522
0.06460781220452154,-0.03603672457177494,0.14377976175737783,0.24919624588024603,0.8610989876392438,0.9243548445364406,0.8952565912020752,39,9.271060773642619,25.691276942385144,1.7553663408528035,27.446643283237943
-0.019855967956641685,-0.06493616049480372,0.9529225119099902,0.0558268302597269,0.25823189584078493,0.7268147855607752,1.064953320235542,39,11.235787122499893,31.391980931207748,2.9591675766733365,34.351148507881085
-0.019855967956641685,-0.06493617049480371,0.9529225119099902,0.0558268402597269,0.25823189584078493,0.7268147855607752,1.064953320235542,39,11.235787135928492,31.391980981004792,2.9591675884069066,34.35114856941169
-0.019855967956641685,-0.06493617049480371,0.9529225119099902,0.0558268302597269,0.2582319058407849,0.7268147855607752,1.064953320235542,39,11.235787158395663,31.391981053885424,2.959167567359309,34.35114862124473
-0.019855967956641685,-0.06493617049480371,0.9529225119099902,0.0558268302597269,0.25823189584078493,0.7268147855607752,1.064953320235542,39,11.235787158861182,31.391981055537613,2.9591675790759755,34.35114863461358
-0.019855967956641685,-0.06493617049480371,0.9529225119099902,0.0558268302597269,0.25823189584078493,0.7268147855607752,1.064953320235542,39,11.235787158861182,31.391981055537613,2.9591675790759755,34.35114863461358
-0.019855967956641685,-0.06493617049480371,0.9529225119099902,0.0558268302597269,0.25823189584078493,0.7268147955607752,1.064953320235542,39,11.235787160503145,31.391981061772917,2.959167567359309,34.351148629132226
-0.019855957956641683,-0.06493617049480371,0.9529225119099902,0.0558268302597269,0.25823189584078493,0.7268147855607752,1.064953320235542,39,11.235787174801594,31.391981126526627,2.959167541341305,34.35114866786793
-0.019855967956641685,-0.06493617049480371,0.9529225119099902,0.0558268302597269,0.25823189584078493,0.7268147855607752,1.0649533302355418,39,11.235787173235346,31.391981134633856,2.959167567359309,34.35114870199316
-0.019855967956641685,-0.06493617049480371,0.9529225219099903,0.0558268302597269,0.25823189584078493,0.7268147855607752,1.064953320235542,39,11.235787182990764,31.39198115462228,2.9591675884069066,34.351148743029185
0.8914054408669472,-0.1810174658894539,-0.11263211816549301,0.31883058696985245,0.6586122556082836,1.2616185291163555,1.7203143534694283,39,12.755237867862885,34.32458414895162,0.42155236343822056,34.746136512389846
-0.5058335065841675,0.7635034509003162,-0.2605293206870556,-0.5589737743139267,0.7015799862812908,1.52745437198223,0.7973282100648256,39,13.362810360492944,57.739750514492165,5.584410113658323,63.3241606281505
-0.5058335065841675,0.7635034509003162,-0.2605293206870556,-0.5589737743139267,0.7015799862812908,1.52745437198223,0.368568507584794,39,13.313340044048614,57.81529509902698,5.68383433593984,63.49912943496683
0.3197473958134651,-0.7526755109429359,0.6018285751342773,0.17037196457386017,1.6395729359771232,0.9985604852859491,1.4572563067500108,39,15.71405711370295,62.015309968663004,2.9198494513616287,64.93515942002463
0.4135628044605255,0.3684826046228409,0.11631682515144348,-0.1590120494365692,1.3986930134871334,1.8672758969643444,0.2055144325831264,39,15.461127771921866,65.21825947197917,1.0595659643417974,66.27782543632097
-0.22788822367007566,-0.6169852724349927,0.07316500038804397,-0.903556302926835,0.00897365496277067,0.9886214956523588,1.9157842765639037,39,15.184073104526368,68.05989653654308,3.939348344527834,71.99924488107092
-0.26868492364883423,0.6588921546936035,0.0133962482213974,0.3087841644883156,0.8319406052046647,1.9097726861207325,0.368568507584794,39,13.2701072922969,76.00613522399338,3.836353115304413,79.84248833929782
-0.5058335065841675,0.6588921546936035,0.0133962482213974,0.3087841644883156,0.8319406052046647,1.9097726861207325,0.368568507584794,39,13.882462228985583,76.41117958073166,5.053603376311198,81.46478295704284
-0.8189383428543806,-0.8640185453696176,0.15384013706352562,-0.12148873507976532,1.0553163283122164,1.523899219240008,1.86203775485879,39,14.627944469445717,77.10291766864954,8.817876875515251,85.92079454416478
-1.0,0.99999999,-1.0,1.0,1.5951166327916109,1.2749501865394088,0.0001,39,15.23024412797722,83.32763432412676,11.110394900128284,94.43802922425503
-0.99999999,1.0,-1.0,1.0,1.5951166327916109,1.2749501865394088,0.0001,39,15.230244186646562,83.32763438188647,11.110394863128283,94.43802924501473
-1.0,1.0,-1.0,0.99999999,1.5951166327916109,1.2749501865394088,0.0001,39,15.230244164722933,83.32763463843395,11.110394918628286,94.43802955706222
-1.0,1.0,-0.99999999,1.0,1.5951166327916109,1.2749501865394088,0.0001,39,15.230244164457877,83.32763464707281,11.110394918628286,94.43802956570111
-1.0,1.0,-1.0,1.0,1.5951166327916109,1.2749501865394088,0.0001,39,15.23024416773272,83.32763468941697,11.110394937128286,94.43802962654524
-1.0,1.0,-1.0,1.0,1.5951166327916109,1.2749501865394088,0.00010001,39,15.230244169889502,83.32763475742395,11.11039493552701,94.43802969295096
-1.0,1.0,-1.0,1.0,1.5951166427916108,1.2749501865394088,0.0001,39,15.230244143216286,83.3276349810631,11.11039493552701,94.43802991659011
-1.0,1.0,-1.0,1.0,1.5951166327916109,1.2749501965394088,0.0001,39,15.230244213679715,83.32763511948649,11.11039493552701,94.4380300550135
-0.5058335065841675,0.7635034509003162,-0.2605293206870556,-0.5589737743139267,0.8319406052046647,1.9097726861207325,0.368568507584794,39,13.667487717506916,83.59089801679684,5.59148148592489,89.18237950272174
-0.5058335065841675,0.7635034509003162,-0.2605293206870556,-0.5589737743139267,0.7015799862812908,1.9097726861207325,0.368568507584794,39,13.565152031659721,83.60658777610239,5.584230154294281,89.19081793039666
-0.25184865295886993,0.9962795674800873,0.7441137880086899,-0.8244235068559647,1.1662581604568345,1.769264434525653,0.4408113854619704,39,13.547783610225325,86.18572538754194,5.960671188317625,92.14639657585958
-0.5058335065841675,0.7635034509003162,0.0133962482213974,0.3087841644883156,0.8319406052046647,1.9097726861207325,0.368568507584794,39,14.060060759982361,86.20205554759976,5.328880875148036,91.53093642274779
-0.5058335065841675,0.7635034509003162,-0.2605293206870556,0.3087841644883156,0.8319406052046647,1.9097726861207325,0.368568507584794,39,14.212455391960006,87.65693631880738,5.430777777204821,93.08771409601219
0.8918631374835968,0.13999135792255402,-0.11217442154884338,0.3192882835865021,1.6399017623432202,1.7751762245537983,0.4467231831319851,39,16.694126319402592,93.12736287230383,0.601986787221592,93.72934965952543
