conditional_welfare_mode,reference_dependent_altruism,min_max_rawlsian_leontief,include_welfare_efficiency_term,include_relative_income_penalty,use_exponential_parameters,apply_exponents_to_payoffs,uniform_exponential_parameter,single_payoffs_not_differences,payoff_ratios_not_differences,reference_dependent_utility,use_negativity_parameters,negativity_social_comparison,fix_self_interest_parameter,include_social_comparison,include_altruism_term,idx,n_data,k_params,pvar,param_norm_sd,loss,AIC,BIC,ΔAIC,ΔBIC,AIC_rank,BIC_rank,equation
False,False,False,False,False,True,False,True,True,False,False,False,False,True,False,True,13,200,2,0.0,0.372260059185639,86.2903881361826,176.5807762723652,183.17741100546127,10.176294775651911,0.0,0,0,Uᵢ(A) = (πᵢᴬ)^γ₁ + Vᵢⱼ(πⱼᴬ)^γ₁
False,False,False,False,False,True,False,False,True,False,False,False,False,False,True,False,19,200,4,0.0,0.23855609096278776,81.53200390624012,171.06400781248024,184.25727727867238,4.6595263157669535,1.0798662732111097,0,0,"Uᵢ(A) = Vᵢᵢ(πᵢᴬ)^γ₁ - αᵢⱼ × (max(πⱼᴬ - πᵢᴬ, 0)^γ₃ + max(πᵢᴬ - πⱼᴬ, 0)^γ₃)"
False,False,False,False,False,True,False,False,False,False,False,False,False,False,True,False,18,200,4,0.0,0.3091368574759368,81.56523543419237,171.13047086838475,184.32374033457688,4.72598937167146,1.1463293291156162,1,1,"Uᵢ(A) = Vᵢᵢ(πᵢᴬ - πᵢᴮ)^γ₁ - αᵢⱼ × (max(πⱼᴬ - πᵢᴬ, 0)^γ₃ + max(πᵢᴬ - πⱼᴬ, 0)^γ₃)"
False,False,False,False,False,True,False,False,False,False,False,False,True,False,True,False,21,200,5,0.0,0.3176587717340122,79.25245620670415,168.5049124134083,184.9964992461485,2.100430916695018,1.819088240687222,0,0,"Uᵢ(A) = Vᵢᵢ(πᵢᴬ - πᵢᴮ)^γ₁ - αᵢⱼ × max(πⱼᴬ - πᵢᴬ, 0)^γ₃ - βᵢⱼ × max(πᵢᴬ - πⱼᴬ, 0)^γ₃"
False,False,False,False,False,False,False,True,False,False,False,False,False,False,False,False,3,200,1,0.0,0.2820760669090518,90.48922057456886,182.97844114913772,186.27675851568577,16.573959652424435,3.0993475102245043,0,0,Uᵢ(A) = Vᵢᵢ(πᵢᴬ - πᵢᴮ)
False,False,False,False,False,True,False,False,True,False,False,False,True,False,True,False,22,200,5,0.0,0.30367352965677175,80.27281810392651,170.54563620785302,187.0372230405932,4.141154711139734,3.859812035131938,1,1,"Uᵢ(A) = Vᵢᵢ(πᵢᴬ)^γ₁ - αᵢⱼ × max(πⱼᴬ - πᵢᴬ, 0)^γ₃ - βᵢⱼ × max(πᵢᴬ - πⱼᴬ, 0)^γ₃"
False,False,False,False,False,True,False,True,False,False,False,False,False,False,False,False,9,200,2,0.0,0.2680407495585672,88.66388711309527,181.32777422619054,187.9244089592866,14.923292729477254,4.746997953825343,1,1,Uᵢ(A) = Vᵢᵢ(πᵢᴬ - πᵢᴮ)^γ₁
False,False,False,False,False,True,False,True,True,False,False,False,False,False,False,False,10,200,2,0.0,0.4031607110249359,88.73911387286522,181.47822774573044,188.0748624788265,15.073746249017148,4.897451473365237,2,2,Uᵢ(A) = Vᵢᵢ(πᵢᴬ)^γ₁
False,False,False,False,False,True,False,True,False,False,False,True,True,False,True,False,23,200,5,0.0,0.244558613314807,80.8399989038302,171.6799978076604,188.1715846404006,5.2755163109471255,4.9941736349393295,2,2,"Uᵢ(A) = Vᵢᵢ × max(πᵢᴬ - πᵢᴮ, 0)^γ₁ - Ʌᵢᵢ × max(πᵢᴮ - πᵢᴬ, 0)^γ₁ - αᵢⱼ × max(πⱼᴬ - πᵢᴬ, 0)^γ₁ - βᵢⱼ × max(πᵢᴬ - πⱼᴬ, 0)^γ₁"
False,False,False,False,False,True,False,False,False,False,False,False,True,False,True,True,27,200,7,0.0,0.24584376997521484,76.20224074835664,166.4044814967133,189.49270306254954,0.0,6.315292057088271,0,0,"Uᵢ(A) = Vᵢᵢ(πᵢᴬ - πᵢᴮ)^γ₁ + Vᵢⱼ(πⱼᴬ - πⱼᴮ)^γ₂ - αᵢⱼ × max(πⱼᴬ - πᵢᴬ, 0)^γ₃ - βᵢⱼ × max(πᵢᴬ - πⱼᴬ, 0)^γ₃"
False,False,False,False,False,True,False,False,False,False,False,True,True,False,True,False,24,200,6,0.0,0.2946440055590618,79.20957876848871,170.41915753697742,190.20906173626565,4.014676040264135,7.031650730804387,0,0,"Uᵢ(A) = Vᵢᵢ × max(πᵢᴬ - πᵢᴮ, 0)^γ₁ - Ʌᵢᵢ × max(πᵢᴮ - πᵢᴬ, 0)^γ₁ - αᵢⱼ × max(πⱼᴬ - πᵢᴬ, 0)^γ₃ - βᵢⱼ × max(πᵢᴬ - πⱼᴬ, 0)^γ₃"
False,False,False,False,False,False,False,True,False,False,False,True,False,False,False,False,8,200,2,0.0,0.3167030505487186,90.5647221044666,185.1294442089332,191.72607894202926,18.724962712219906,8.548667936567995,3,3,"Uᵢ(A) = Vᵢᵢ × max(πᵢᴬ - πᵢᴮ, 0) - Ʌᵢᵢ × max(πᵢᴮ - πᵢᴬ, 0)"
False,False,False,False,False,True,False,False,True,False,False,False,True,False,True,True,28,200,7,0.0,0.1886233566810592,77.4587469940215,168.917493988043,192.00571555387924,2.513012491329704,8.828304548417975,1,1,"Uᵢ(A) = Vᵢᵢ(πᵢᴬ)^γ₁ + Vᵢⱼ(πⱼᴬ)^γ₂ - αᵢⱼ × max(πⱼᴬ - πᵢᴬ, 0)^γ₃ - βᵢⱼ × max(πᵢᴬ - πⱼᴬ, 0)^γ₃"
False,False,False,False,False,True,False,True,False,False,False,True,False,False,False,False,15,200,3,0.0,0.2768779925055439,88.51130430401206,183.02260860802411,192.91756070766823,16.618127111310827,9.740149702206963,0,0,"Uᵢ(A) = Vᵢᵢ × max(πᵢᴬ - πᵢᴮ, 0)^γ₁ - Ʌᵢᵢ × max(πᵢᴮ - πᵢᴬ, 0)^γ₁"
False,False,False,False,False,True,False,True,False,False,False,True,True,False,True,True,29,200,7,0.0,0.25145553388479985,77.9700145447077,169.9400290894154,193.02825065525164,3.535547592702102,9.850839649790373,2,2,"Uᵢ(A) = Vᵢᵢ × max(πᵢᴬ - πᵢᴮ, 0)^γ₁ - Ʌᵢᵢ × max(πᵢᴮ - πᵢᴬ, 0)^γ₁ + Vᵢⱼ × max(πⱼᴬ - πⱼᴮ, 0)^γ₁ - Ʌᵢⱼ × max(πⱼᴮ - πⱼᴬ, 0)^γ₁ - αᵢⱼ × max(πⱼᴬ - πᵢᴬ, 0)^γ₁ - βᵢⱼ × max(πᵢᴬ - πⱼᴬ, 0)^γ₁"
False,False,False,False,False,True,False,False,False,False,False,True,True,True,True,True,30,200,8,0.0,0.2440246512368437,75.80674276875206,167.61348553750412,194.00002446988842,1.2090040407908305,10.82261346442715,0,0,"Uᵢ(A) = max(πᵢᴬ - πᵢᴮ, 0)^γ₁ + Vᵢⱼ × max(πⱼᴬ - πⱼᴮ, 0)^γ₂ - Ʌᵢⱼ × max(πⱼᴮ - πⱼᴬ, 0)^γ₂ - αᵢⱼ × max(πⱼᴬ - πᵢᴬ, 0)^γ₃ - βᵢⱼ × max(πᵢᴬ - πⱼᴬ, 0)^γ₃"
False,False,False,False,False,True,False,False,False,False,True,True,True,False,True,False,25,200,6,0.0,0.2539487056336521,82.30507855780233,176.61015711560466,196.40006131489287,10.205675618891377,13.2226503094316,1,1,"Uᵢ(A) = Vᵢᵢ × max(πᵢᴬ - 3, 0)^γ₁ - Ʌᵢᵢ × max(3 - πᵢᴬ, 0)^γ₁ - αᵢⱼ × max(πⱼᴬ - πᵢᴬ, 0)^γ₃ - βᵢⱼ × max(πᵢᴬ - πⱼᴬ, 0)^γ₃"
False,False,False,False,False,True,False,False,False,False,True,False,False,False,True,False,20,200,4,0.0,0.21993053332762266,88.59952708820146,185.1990541764029,198.39232364259504,18.794572679689622,15.214912637133779,2,2,"Uᵢ(A) = Vᵢᵢ(πᵢᴬ - 3)^γ₁ - αᵢⱼ × (max(πⱼᴬ - πᵢᴬ, 0)^γ₃ + max(πᵢᴬ - πⱼᴬ, 0)^γ₃)"
False,False,True,False,False,False,False,True,False,False,False,False,False,False,False,False,14,200,2,0.0,0.2442257658071788,94.13871475079476,192.27742950158952,198.8740642346856,25.872948004876235,15.696653229224324,4,4,"Uᵢ(A) = max(Vᵢᵢ × (πᵢᴬ - πᵢᴮ), Vᵢⱼ × (πⱼᴬ - πⱼᴮ))"
False,False,False,False,False,True,False,False,False,False,False,True,True,False,True,True,33,200,9,0.0,0.2410321253157856,75.86219704590361,169.72439409180723,199.40925039073954,3.319912595093939,16.231839385278278,0,0,"Uᵢ(A) = Vᵢᵢ × max(πᵢᴬ - πᵢᴮ, 0)^γ₁ - Ʌᵢᵢ × max(πᵢᴮ - πᵢᴬ, 0)^γ₁ + Vᵢⱼ × max(πⱼᴬ - πⱼᴮ, 0)^γ₂ - Ʌᵢⱼ × max(πⱼᴮ - πⱼᴬ, 0)^γ₂ - αᵢⱼ × max(πⱼᴬ - πᵢᴬ, 0)^γ₃ - βᵢⱼ × max(πᵢᴬ - πⱼᴬ, 0)^γ₃"
False,False,False,False,False,False,False,True,False,False,True,False,False,False,False,False,5,200,1,0.0,0.34871489502382425,97.27981103279274,196.55962206558547,199.85793943213352,30.155140568872184,16.680528426672254,1,1,Uᵢ(A) = Vᵢᵢ(πᵢᴬ - 3)
False,False,False,False,False,False,False,True,True,False,False,False,False,False,False,False,4,200,1,0.0,0.3509042330558751,97.28030773386183,196.56061546772366,199.8589328342717,30.156133971010377,16.681521828810446,2,2,Uᵢ(A) = Vᵢᵢ(πᵢᴬ)
False,False,False,False,False,True,False,True,False,False,True,True,False,False,False,False,16,200,3,0.0,0.2839972714556744,92.49080606405337,190.98161212810675,200.87656422775086,24.57713063139346,17.699153222289596,1,1,"Uᵢ(A) = Vᵢᵢ × max(πᵢᴬ - 3, 0)^γ₁ - Ʌᵢᵢ × max(3 - πᵢᴬ, 0)^γ₁"
False,False,False,False,False,True,False,False,False,False,True,True,True,True,True,True,31,200,8,0.0,0.2787829360634233,79.30520151239008,174.61040302478017,200.99694195716447,8.205921528066881,17.8195309517032,1,1,"Uᵢ(A) = max(πᵢᴬ - 3, 0)^γ₁ + Vᵢⱼ × max(πⱼᴬ - 3, 0)^γ₂ - Ʌᵢⱼ × max(3 - πⱼᴬ, 0)^γ₂ - αᵢⱼ × max(πⱼᴬ - πᵢᴬ, 0)^γ₃ - βᵢⱼ × max(πᵢᴬ - πⱼᴬ, 0)^γ₃"
False,False,False,False,False,True,False,False,False,False,True,True,True,False,True,True,34,200,9,0.0,0.25134814881536455,77.47129828332992,172.94259656665983,202.62745286559215,6.538115069946542,19.45004186013088,1,1,"Uᵢ(A) = Vᵢᵢ × max(πᵢᴬ - 3, 0)^γ₁ - Ʌᵢᵢ × max(3 - πᵢᴬ, 0)^γ₁ + Vᵢⱼ × max(πⱼᴬ - 3, 0)^γ₂ - Ʌᵢⱼ × max(3 - πⱼᴬ, 0)^γ₂ - αᵢⱼ × max(πⱼᴬ - πᵢᴬ, 0)^γ₃ - βᵢⱼ × max(πᵢᴬ - πⱼᴬ, 0)^γ₃"
False,False,False,False,False,True,False,True,False,True,False,True,False,False,False,False,17,200,3,0.0,0.32724801447359547,95.52799288936161,197.05598577872323,206.95093787836734,30.651504282009938,23.773526872906075,2,2,"Uᵢ(A) = Vᵢᵢ × max([πᵢᴬ / (πᵢᴬ + πᵢᴮ) - 1/2], 0)^γ₁ - Ʌᵢᵢ × max([πᵢᴮ / (πᵢᴮ + πᵢᴬ) - 1/2], 0)^γ₁"
False,False,False,False,False,False,False,True,True,False,False,False,True,True,True,False,11,200,2,0.0,0.3097997438372523,104.99500266865948,213.99000533731896,220.58664007041503,47.585523840605674,37.40922906495376,5,5,"Uᵢ(A) = πᵢᴬ - αᵢⱼ × max(πⱼᴬ - πᵢᴬ, 0) - βᵢⱼ × max(πᵢᴬ - πⱼᴬ, 0)"
False,False,False,False,False,True,False,False,False,True,False,True,True,False,True,False,26,200,6,0.0,0.327892168838368,94.60813647911435,201.2162729582287,221.0061771575169,34.81179146151541,37.828766152055636,2,2,"Uᵢ(A) = Vᵢᵢ × max([πᵢᴬ / (πᵢᴬ + πᵢᴮ) - 1/2], 0)^γ₁ - Ʌᵢᵢ × max([πᵢᴮ / (πᵢᴮ + πᵢᴬ) - 1/2], 0)^γ₁ - αᵢⱼ × max([πⱼᴬ / (πᵢᴬ + πⱼᴬ) - 1/2], 0)^γ₃ - βᵢⱼ × max([πᵢᴬ / (πᵢᴬ + πⱼᴬ) - 1/2], 0)^γ₃"
False,False,False,False,False,True,False,False,False,True,False,True,True,True,True,True,32,200,8,0.0,0.24656084635680806,90.77474846235286,197.54949692470572,223.93603585709002,31.145015427992433,40.75862485162875,2,2,"Uᵢ(A) = max([πᵢᴬ / (πᵢᴬ + πᵢᴮ) - 1/2], 0)^γ₁ + Vᵢⱼ × max([πⱼᴬ / (πⱼᴬ + πⱼᴮ) - 1/2], 0)^γ₂ - Ʌᵢⱼ × max([πⱼᴮ / (πⱼᴮ + πⱼᴬ) - 1/2], 0)^γ₂ - αᵢⱼ × max([πⱼᴬ / (πᵢᴬ + πⱼᴬ) - 1/2], 0)^γ₃ - βᵢⱼ × max([πᵢᴬ / (πᵢᴬ + πⱼᴬ) - 1/2], 0)^γ₃"
False,False,False,False,False,True,False,False,False,True,False,True,True,False,True,True,35,200,9,0.0,0.37440913629577977,90.16932745137021,198.33865490274042,228.02351120167273,31.934173406027128,44.84610019621147,2,2,"Uᵢ(A) = Vᵢᵢ × max([πᵢᴬ / (πᵢᴬ + πᵢᴮ) - 1/2], 0)^γ₁ - Ʌᵢᵢ × max([πᵢᴮ / (πᵢᴮ + πᵢᴬ) - 1/2], 0)^γ₁ + Vᵢⱼ × max([πⱼᴬ / (πⱼᴬ + πⱼᴮ) - 1/2], 0)^γ₂ - Ʌᵢⱼ × max([πⱼᴮ / (πⱼᴮ + πⱼᴬ) - 1/2], 0)^γ₂ - αᵢⱼ × max([πⱼᴬ / (πᵢᴬ + πⱼᴬ) - 1/2], 0)^γ₃ - βᵢⱼ × max([πᵢᴬ / (πᵢᴬ + πⱼᴬ) - 1/2], 0)^γ₃"
True,False,False,False,False,False,False,True,True,False,False,False,False,False,False,False,12,200,2,0.0,0.27374391877904986,109.74416043862465,223.4883208772493,230.08495561034536,57.083839380536006,46.907544604884094,6,6,Uᵢ(A) = Vᵢᵢ(πᵢᴬ) + (1 - Vᵢᵢ)(πⱼᴬ) if πᵢᴬ ≥ πⱼᴬ else Ʌᵢᵢ(πᵢᴬ) + (1 - Ʌᵢᵢ)(πⱼᴬ)
False,False,False,False,False,False,False,True,True,False,False,False,False,True,False,True,7,200,1,0.0,0.2377044197244199,113.82664239468386,229.65328478936772,232.95160215591577,63.24880329265443,49.7741911504545,3,3,Uᵢ(A) = πᵢᴬ + Vᵢⱼ(πⱼᴬ)
False,False,False,False,False,False,False,True,False,False,True,False,False,True,False,False,2,200,0,0.0,,118.69452110145139,237.38904220290277,237.38904220290277,70.98456070618948,54.211631197441505,0,0,Uᵢ(A) = πᵢᴬ - 3
False,False,False,False,False,False,False,True,True,False,False,False,False,True,False,False,1,200,0,0.0,,118.69452110145139,237.38904220290277,237.38904220290277,70.98456070618948,54.211631197441505,0,0,Uᵢ(A) = πᵢᴬ
False,False,False,False,False,False,False,True,False,True,False,False,False,True,True,False,6,200,1,0.0,0.4879126901065667,119.95986895038448,241.91973790076895,245.218055267317,75.51525640405566,62.04064426185573,4,4,"Uᵢ(A) = [πᵢᴬ / (πᵢᴬ + πᵢᴮ) - 1/2] - αᵢⱼ × (max([πⱼᴬ / (πᵢᴬ + πⱼᴬ) - 1/2], 0) + max([πᵢᴬ / (πᵢᴬ + πⱼᴬ) - 1/2], 0))"
False,False,False,False,False,False,False,True,False,False,False,False,False,True,False,False,0,200,0,0.0,,149.70928840412407,299.41857680824813,299.41857680824813,133.01409531153485,116.24116580278687,2,2,Uᵢ(A) = πᵢᴬ - πᵢᴮ
