child_idx,parent_idx,k_child,k_parent,changed_utility_setting,loss_child,loss_parent,loss_parent_minus_child,equal_loss,equation_child,equation_parent,utility_settings_child,utility_settings_parent,n_players_evaluated,player_role,child_conditional_welfare_mode,child_reference_dependent_altruism,child_min_max_rawlsian_leontief,child_use_exponential_parameters,child_apply_exponents_to_payoffs,child_single_exponential_parameter,child_single_payoffs_not_differences,child_payoff_ratios_not_differences,child_reference_dependent_utility,child_use_negativity_parameters,child_negativity_social_comparison,child_fix_self_interest_parameter,child_include_social_comparison,child_include_altruism_term,parent_conditional_welfare_mode,parent_reference_dependent_altruism,parent_min_max_rawlsian_leontief,parent_use_exponential_parameters,parent_apply_exponents_to_payoffs,parent_single_exponential_parameter,parent_single_payoffs_not_differences,parent_payoff_ratios_not_differences,parent_reference_dependent_utility,parent_use_negativity_parameters,parent_negativity_social_comparison,parent_fix_self_interest_parameter,parent_include_social_comparison,parent_include_altruism_term,params_child,params_parent,Vᵢᵢ_child,Vᵢᵢ_parent,Ʌᵢᵢ_child,Ʌᵢᵢ_parent,Vᵢⱼ_child,Vᵢⱼ_parent,Ʌᵢⱼ_child,Ʌᵢⱼ_parent,Ƹᵢⱼ_child,Ƹᵢⱼ_parent,Ʒᵢⱼ_child,Ʒᵢⱼ_parent,γ1_child,γ1_parent,γ2_child,γ2_parent,γ3_child,γ3_parent,Vᵢᵢ_std_child,Vᵢᵢ_std_parent,Ʌᵢᵢ_std_child,Ʌᵢᵢ_std_parent,Vᵢⱼ_std_child,Vᵢⱼ_std_parent,Ʌᵢⱼ_std_child,Ʌᵢⱼ_std_parent,Ƹᵢⱼ_std_child,Ƹᵢⱼ_std_parent,Ʒᵢⱼ_std_child,Ʒᵢⱼ_std_parent,γ1_std_child,γ1_std_parent,γ2_std_child,γ2_std_parent,γ3_std_child,γ3_std_parent
4,5,2,4,use_exponential_parameters,0.0,0.0,0.0,True,Uᵢ(A) = Vᵢᵢ(πᵢᴬ - πᵢᴮ),Uᵢ(A) = Vᵢᵢ(πᵢᴬ - πᵢᴮ)^γ₁,"(False, False, False, False, False, True, False, False, False, False, False, False, False, False)","(False, False, False, True, False, True, False, False, False, False, False, False, False, False)",0,chooser,False,False,False,False,False,True,False,False,False,False,False,False,False,False,False,False,False,True,False,True,False,False,False,False,False,False,False,False,"{'Vᵢᵢ': 0.1519148187607562, 'Ʌᵢᵢ': None, 'Vᵢⱼ': None, 'Ʌᵢⱼ': None, 'Ƹᵢⱼ': None, 'Ʒᵢⱼ': None, 'γ1': None, 'γ2': None, 'γ3': None, 'Vᵢᵢ_std': 3.4181982001125024, 'Ʌᵢᵢ_std': None, 'Vᵢⱼ_std': None, 'Ʌᵢⱼ_std': None, 'Ƹᵢⱼ_std': None, 'Ʒᵢⱼ_std': None, 'γ1_std': None, 'γ2_std': None, 'γ3_std': None}","{'Vᵢᵢ': 0.1519148187607562, 'Ʌᵢᵢ': None, 'Vᵢⱼ': None, 'Ʌᵢⱼ': None, 'Ƹᵢⱼ': None, 'Ʒᵢⱼ': None, 'γ1': 1.0, 'γ2': None, 'γ3': None, 'Vᵢᵢ_std': 3.4181982001125024, 'Ʌᵢᵢ_std': None, 'Vᵢⱼ_std': None, 'Ʌᵢⱼ_std': None, 'Ƹᵢⱼ_std': None, 'Ʒᵢⱼ_std': None, 'γ1_std': 1.0, 'γ2_std': None, 'γ3_std': None}",0.1519148187607562,0.1519148187607562,,,,,,,,,,,,1.0,,,,,3.4181982001125024,3.4181982001125024,,,,,,,,,,,,1.0,,,,
19,8,2,4,use_exponential_parameters,0.0,0.0,0.0,True,Uᵢ(A) = Vᵢᵢ(πᵢᴬ),Uᵢ(A) = Vᵢᵢ(πᵢᴬ)^γ₁,"(False, False, False, False, False, True, True, False, False, False, False, False, False, False)","(False, False, False, True, False, True, True, False, False, False, False, False, False, False)",0,chooser,False,False,False,False,False,True,True,False,False,False,False,False,False,False,False,False,False,True,False,True,True,False,False,False,False,False,False,False,"{'Vᵢᵢ': -0.21812366281572526, 'Ʌᵢᵢ': None, 'Vᵢⱼ': None, 'Ʌᵢⱼ': None, 'Ƹᵢⱼ': None, 'Ʒᵢⱼ': None, 'γ1': None, 'γ2': None, 'γ3': None, 'Vᵢᵢ_std': 2.002193325956165, 'Ʌᵢᵢ_std': None, 'Vᵢⱼ_std': None, 'Ʌᵢⱼ_std': None, 'Ƹᵢⱼ_std': None, 'Ʒᵢⱼ_std': None, 'γ1_std': None, 'γ2_std': None, 'γ3_std': None}","{'Vᵢᵢ': -0.21812366281572526, 'Ʌᵢᵢ': None, 'Vᵢⱼ': None, 'Ʌᵢⱼ': None, 'Ƹᵢⱼ': None, 'Ʒᵢⱼ': None, 'γ1': 1.0, 'γ2': None, 'γ3': None, 'Vᵢᵢ_std': 2.002193325956165, 'Ʌᵢᵢ_std': None, 'Vᵢⱼ_std': None, 'Ʌᵢⱼ_std': None, 'Ƹᵢⱼ_std': None, 'Ʒᵢⱼ_std': None, 'γ1_std': 1.0, 'γ2_std': None, 'γ3_std': None}",-0.21812366281572526,-0.21812366281572526,,,,,,,,,,,,1.0,,,,,2.002193325956165,2.002193325956165,,,,,,,,,,,,1.0,,,,
0,1,8,10,negativity_social_comparison,0.0,0.0,0.0,True,"Uᵢ(A) = Vᵢᵢ(πᵢᴬ - πᵢᴮ)^γ₁ - Ƹᵢⱼ × (max(πⱼᴬ - πᵢᴬ, 0)^γ₃ + max(πᵢᴬ - πⱼᴬ, 0)^γ₃)","Uᵢ(A) = Vᵢᵢ(πᵢᴬ - πᵢᴮ)^γ₁ - Ƹᵢⱼ × max(πⱼᴬ - πᵢᴬ, 0)^γ₃ - Ʒᵢⱼ × max(πᵢᴬ - πⱼᴬ, 0)^γ₃","(False, False, False, True, False, False, False, False, False, False, False, False, True, False)","(False, False, False, True, False, False, False, False, False, False, True, False, True, False)",0,chooser,False,False,False,True,False,False,False,False,False,False,False,False,True,False,False,False,False,True,False,False,False,False,False,False,True,False,True,False,"{'Vᵢᵢ': -0.2461692726269662, 'Ʌᵢᵢ': None, 'Vᵢⱼ': None, 'Ʌᵢⱼ': None, 'Ƹᵢⱼ': -0.6892716441415452, 'Ʒᵢⱼ': None, 'γ1': 1.6805406499243276, 'γ2': None, 'γ3': 1.8003543969141815, 'Vᵢᵢ_std': 1.4123778619637353, 'Ʌᵢᵢ_std': None, 'Vᵢⱼ_std': None, 'Ʌᵢⱼ_std': None, 'Ƹᵢⱼ_std': 0.20736514064410497, 'Ʒᵢⱼ_std': None, 'γ1_std': 0.09757315793181422, 'γ2_std': None, 'γ3_std': 0.14276969572067347}","{'Vᵢᵢ': -0.2461692726269662, 'Ʌᵢᵢ': None, 'Vᵢⱼ': None, 'Ʌᵢⱼ': None, 'Ƹᵢⱼ': 0.0, 'Ʒᵢⱼ': 0.0, 'γ1': 1.6805406499243276, 'γ2': None, 'γ3': 1.8003543969141815, 'Vᵢᵢ_std': 1.4123778619637353, 'Ʌᵢᵢ_std': None, 'Vᵢⱼ_std': None, 'Ʌᵢⱼ_std': None, 'Ƹᵢⱼ_std': 0.20736514064410497, 'Ʒᵢⱼ_std': 2.005, 'γ1_std': 0.09757315793181422, 'γ2_std': None, 'γ3_std': 0.14276969572067347}",-0.2461692726269662,-0.2461692726269662,,,,,,,-0.6892716441415452,0.0,,0.0,1.6805406499243276,1.6805406499243276,,,1.8003543969141815,1.8003543969141815,1.4123778619637353,1.4123778619637353,,,,,,,0.20736514064410497,0.20736514064410497,,2.005,0.09757315793181422,0.09757315793181422,,,0.14276969572067347,0.14276969572067347
3,2,8,10,negativity_social_comparison,0.0,0.0,0.0,True,"Uᵢ(A) = Vᵢᵢ(πᵢᴬ)^γ₁ - Ƹᵢⱼ × (max(πⱼᴬ - πᵢᴬ, 0)^γ₃ + max(πᵢᴬ - πⱼᴬ, 0)^γ₃)","Uᵢ(A) = Vᵢᵢ(πᵢᴬ)^γ₁ - Ƹᵢⱼ × max(πⱼᴬ - πᵢᴬ, 0)^γ₃ - Ʒᵢⱼ × max(πᵢᴬ - πⱼᴬ, 0)^γ₃","(False, False, False, True, False, False, True, False, False, False, False, False, True, False)","(False, False, False, True, False, False, True, False, False, False, True, False, True, False)",0,chooser,False,False,False,True,False,False,True,False,False,False,False,False,True,False,False,False,False,True,False,False,True,False,False,False,True,False,True,False,"{'Vᵢᵢ': -0.5494513376443291, 'Ʌᵢᵢ': None, 'Vᵢⱼ': None, 'Ʌᵢⱼ': None, 'Ƹᵢⱼ': 0.016834117490176492, 'Ʒᵢⱼ': None, 'γ1': 1.5405494192875606, 'γ2': None, 'γ3': 1.3922692337442981, 'Vᵢᵢ_std': 2.2951561363772552, 'Ʌᵢᵢ_std': None, 'Vᵢⱼ_std': None, 'Ʌᵢⱼ_std': None, 'Ƹᵢⱼ_std': 2.7527011251571416, 'Ʒᵢⱼ_std': None, 'γ1_std': 0.165217061598675, 'γ2_std': None, 'γ3_std': 0.44215569454063125}","{'Vᵢᵢ': -0.5494513376443291, 'Ʌᵢᵢ': None, 'Vᵢⱼ': None, 'Ʌᵢⱼ': None, 'Ƹᵢⱼ': 0.0, 'Ʒᵢⱼ': 0.0, 'γ1': 1.5405494192875606, 'γ2': None, 'γ3': 1.3922692337442981, 'Vᵢᵢ_std': 2.2951561363772552, 'Ʌᵢᵢ_std': None, 'Vᵢⱼ_std': None, 'Ʌᵢⱼ_std': None, 'Ƹᵢⱼ_std': 2.7527011251571416, 'Ʒᵢⱼ_std': 2.005, 'γ1_std': 0.165217061598675, 'γ2_std': None, 'γ3_std': 0.44215569454063125}",-0.5494513376443291,-0.5494513376443291,,,,,,,0.016834117490176492,0.0,,0.0,1.5405494192875606,1.5405494192875606,,,1.3922692337442981,1.3922692337442981,2.2951561363772552,2.2951561363772552,,,,,,,2.7527011251571416,2.7527011251571416,,2.005,0.165217061598675,0.165217061598675,,,0.44215569454063125,0.44215569454063125
1,9,10,12,use_negativity_parameters,0.0,0.0,0.0,True,"Uᵢ(A) = Vᵢᵢ(πᵢᴬ - πᵢᴮ)^γ₁ - Ƹᵢⱼ × max(πⱼᴬ - πᵢᴬ, 0)^γ₃ - Ʒᵢⱼ × max(πᵢᴬ - πⱼᴬ, 0)^γ₃","Uᵢ(A) = Vᵢᵢ × max(πᵢᴬ - πᵢᴮ, 0)^γ₁ - Ʌᵢᵢ × max(πᵢᴮ - πᵢᴬ, 0)^γ₁ - Ƹᵢⱼ × max(πⱼᴬ - πᵢᴬ, 0)^γ₃ - Ʒᵢⱼ × max(πᵢᴬ - πⱼᴬ, 0)^γ₃","(False, False, False, True, False, False, False, False, False, False, True, False, True, False)","(False, False, False, True, False, False, False, False, False, True, True, False, True, False)",0,chooser,False,False,False,True,False,False,False,False,False,False,True,False,True,False,False,False,False,True,False,False,False,False,False,True,True,False,True,False,"{'Vᵢᵢ': -0.6799317194925287, 'Ʌᵢᵢ': None, 'Vᵢⱼ': None, 'Ʌᵢⱼ': None, 'Ƹᵢⱼ': -0.33727647059193155, 'Ʒᵢⱼ': 0.4934279517447542, 'γ1': 0.15825243336300882, 'γ2': None, 'γ3': 0.29915208590334175, 'Vᵢᵢ_std': 3.4509738455289813, 'Ʌᵢᵢ_std': None, 'Vᵢⱼ_std': None, 'Ʌᵢⱼ_std': None, 'Ƹᵢⱼ_std': 3.663000858299044, 'Ʒᵢⱼ_std': 2.9596096362583593, 'γ1_std': 0.2834647442325352, 'γ2_std': None, 'γ3_std': 0.8061637695520703}","{'Vᵢᵢ': -0.6799317194925287, 'Ʌᵢᵢ': -0.6799317194925287, 'Vᵢⱼ': None, 'Ʌᵢⱼ': None, 'Ƹᵢⱼ': -0.33727647059193155, 'Ʒᵢⱼ': 0.4934279517447542, 'γ1': 0.15825243336300882, 'γ2': None, 'γ3': 0.29915208590334175, 'Vᵢᵢ_std': 3.4509738455289813, 'Ʌᵢᵢ_std': 2.005, 'Vᵢⱼ_std': None, 'Ʌᵢⱼ_std': None, 'Ƹᵢⱼ_std': 3.663000858299044, 'Ʒᵢⱼ_std': 2.9596096362583593, 'γ1_std': 0.2834647442325352, 'γ2_std': None, 'γ3_std': 0.8061637695520703}",-0.6799317194925287,-0.6799317194925287,,-0.6799317194925287,,,,,-0.33727647059193155,-0.33727647059193155,0.4934279517447542,0.4934279517447542,0.15825243336300882,0.15825243336300882,,,0.29915208590334175,0.29915208590334175,3.4509738455289813,3.4509738455289813,,2.005,,,,,3.663000858299044,3.663000858299044,2.9596096362583593,2.9596096362583593,0.2834647442325352,0.2834647442325352,,,0.8061637695520703,0.8061637695520703
1,7,10,14,include_altruism_term,0.0,0.0,0.0,True,"Uᵢ(A) = Vᵢᵢ(πᵢᴬ - πᵢᴮ)^γ₁ - Ƹᵢⱼ × max(πⱼᴬ - πᵢᴬ, 0)^γ₃ - Ʒᵢⱼ × max(πᵢᴬ - πⱼᴬ, 0)^γ₃","Uᵢ(A) = Vᵢᵢ(πᵢᴬ - πᵢᴮ)^γ₁ + Vᵢⱼ(πⱼᴬ - πⱼᴮ)^γ₂ - Ƹᵢⱼ × max(πⱼᴬ - πᵢᴬ, 0)^γ₃ - Ʒᵢⱼ × max(πᵢᴬ - πⱼᴬ, 0)^γ₃","(False, False, False, True, False, False, False, False, False, False, True, False, True, False)","(False, False, False, True, False, False, False, False, False, False, True, False, True, True)",0,chooser,False,False,False,True,False,False,False,False,False,False,True,False,True,False,False,False,False,True,False,False,False,False,False,False,True,False,True,True,"{'Vᵢᵢ': 0.23026356008725046, 'Ʌᵢᵢ': None, 'Vᵢⱼ': None, 'Ʌᵢⱼ': None, 'Ƹᵢⱼ': -0.6817791709037659, 'Ʒᵢⱼ': -0.9877537314051055, 'γ1': 1.3718357592495838, 'γ2': None, 'γ3': 0.2228027187057282, 'Vᵢᵢ_std': 1.8622147958893343, 'Ʌᵢᵢ_std': None, 'Vᵢⱼ_std': None, 'Ʌᵢⱼ_std': None, 'Ƹᵢⱼ_std': 1.3337840749912657, 'Ʒᵢⱼ_std': 1.7238319551787253, 'γ1_std': 0.8972510058560124, 'γ2_std': None, 'γ3_std': 0.950866551628632}","{'Vᵢᵢ': 0.23026356008725046, 'Ʌᵢᵢ': None, 'Vᵢⱼ': 0.0, 'Ʌᵢⱼ': None, 'Ƹᵢⱼ': -0.6817791709037659, 'Ʒᵢⱼ': -0.9877537314051055, 'γ1': 1.3718357592495838, 'γ2': 1.0, 'γ3': 0.2228027187057282, 'Vᵢᵢ_std': 1.8622147958893343, 'Ʌᵢᵢ_std': None, 'Vᵢⱼ_std': 2.005, 'Ʌᵢⱼ_std': None, 'Ƹᵢⱼ_std': 1.3337840749912657, 'Ʒᵢⱼ_std': 1.7238319551787253, 'γ1_std': 0.8972510058560124, 'γ2_std': 1.0, 'γ3_std': 0.950866551628632}",0.23026356008725046,0.23026356008725046,,,,0.0,,,-0.6817791709037659,-0.6817791709037659,-0.9877537314051055,-0.9877537314051055,1.3718357592495838,1.3718357592495838,,1.0,0.2228027187057282,0.2228027187057282,1.8622147958893343,1.8622147958893343,,,,2.005,,,1.3337840749912657,1.3337840749912657,1.7238319551787253,1.7238319551787253,0.8972510058560124,0.8972510058560124,,1.0,0.950866551628632,0.950866551628632
2,12,10,14,include_altruism_term,0.0,0.0,0.0,True,"Uᵢ(A) = Vᵢᵢ(πᵢᴬ)^γ₁ - Ƹᵢⱼ × max(πⱼᴬ - πᵢᴬ, 0)^γ₃ - Ʒᵢⱼ × max(πᵢᴬ - πⱼᴬ, 0)^γ₃","Uᵢ(A) = Vᵢᵢ(πᵢᴬ)^γ₁ + Vᵢⱼ(πⱼᴬ)^γ₂ - Ƹᵢⱼ × max(πⱼᴬ - πᵢᴬ, 0)^γ₃ - Ʒᵢⱼ × max(πᵢᴬ - πⱼᴬ, 0)^γ₃","(False, False, False, True, False, False, True, False, False, False, True, False, True, False)","(False, False, False, True, False, False, True, False, False, False, True, False, True, True)",0,chooser,False,False,False,True,False,False,True,False,False,False,True,False,True,False,False,False,False,True,False,False,True,False,False,False,True,False,True,True,"{'Vᵢᵢ': 0.7817439183318409, 'Ʌᵢᵢ': None, 'Vᵢⱼ': None, 'Ʌᵢⱼ': None, 'Ƹᵢⱼ': 0.9672131461592905, 'Ʒᵢⱼ': 0.27399389394853735, 'γ1': 1.981708551237401, 'γ2': None, 'γ3': 1.8637577125958897, 'Vᵢᵢ_std': 3.326825643323637, 'Ʌᵢᵢ_std': None, 'Vᵢⱼ_std': None, 'Ʌᵢⱼ_std': None, 'Ƹᵢⱼ_std': 0.7899018810839649, 'Ʒᵢⱼ_std': 3.0409598941205855, 'γ1_std': 0.622535480967418, 'γ2_std': None, 'γ3_std': 0.37550640424758586}","{'Vᵢᵢ': 0.7817439183318409, 'Ʌᵢᵢ': None, 'Vᵢⱼ': 0.0, 'Ʌᵢⱼ': None, 'Ƹᵢⱼ': 0.9672131461592905, 'Ʒᵢⱼ': 0.27399389394853735, 'γ1': 1.981708551237401, 'γ2': 1.0, 'γ3': 1.8637577125958897, 'Vᵢᵢ_std': 3.326825643323637, 'Ʌᵢᵢ_std': None, 'Vᵢⱼ_std': 2.005, 'Ʌᵢⱼ_std': None, 'Ƹᵢⱼ_std': 0.7899018810839649, 'Ʒᵢⱼ_std': 3.0409598941205855, 'γ1_std': 0.622535480967418, 'γ2_std': 1.0, 'γ3_std': 0.37550640424758586}",0.7817439183318409,0.7817439183318409,,,,0.0,,,0.9672131461592905,0.9672131461592905,0.27399389394853735,0.27399389394853735,1.981708551237401,1.981708551237401,,1.0,1.8637577125958897,1.8637577125958897,3.326825643323637,3.326825643323637,,,,2.005,,,0.7899018810839649,0.7899018810839649,3.0409598941205855,3.0409598941205855,0.622535480967418,0.622535480967418,,1.0,0.37550640424758586,0.37550640424758586
6,9,10,12,single_exponential_parameter,0.0,0.0,0.0,True,"Uᵢ(A) = Vᵢᵢ × max(πᵢᴬ - πᵢᴮ, 0)^γ₁ - Ʌᵢᵢ × max(πᵢᴮ - πᵢᴬ, 0)^γ₁ - Ƹᵢⱼ × max(πⱼᴬ - πᵢᴬ, 0)^γ₁ - Ʒᵢⱼ × max(πᵢᴬ - πⱼᴬ, 0)^γ₁","Uᵢ(A) = Vᵢᵢ × max(πᵢᴬ - πᵢᴮ, 0)^γ₁ - Ʌᵢᵢ × max(πᵢᴮ - πᵢᴬ, 0)^γ₁ - Ƹᵢⱼ × max(πⱼᴬ - πᵢᴬ, 0)^γ₃ - Ʒᵢⱼ × max(πᵢᴬ - πⱼᴬ, 0)^γ₃","(False, False, False, True, False, True, False, False, False, True, True, False, True, False)","(False, False, False, True, False, False, False, False, False, True, True, False, True, False)",0,chooser,False,False,False,True,False,True,False,False,False,True,True,False,True,False,False,False,False,True,False,False,False,False,False,True,True,False,True,False,"{'Vᵢᵢ': -0.9753742079589081, 'Ʌᵢᵢ': -0.11497218609872939, 'Vᵢⱼ': None, 'Ʌᵢⱼ': None, 'Ƹᵢⱼ': -0.7561095246267684, 'Ʒᵢⱼ': -0.22234038864503214, 'γ1': 0.7640160491175331, 'γ2': None, 'γ3': None, 'Vᵢᵢ_std': 0.9783353921797893, 'Ʌᵢᵢ_std': 3.1425198477897776, 'Vᵢⱼ_std': None, 'Ʌᵢⱼ_std': None, 'Ƹᵢⱼ_std': 2.5593681130370842, 'Ʒᵢⱼ_std': 2.9761149955327872, 'γ1_std': 0.8348595082494163, 'γ2_std': None, 'γ3_std': None}","{'Vᵢᵢ': -0.9753742079589081, 'Ʌᵢᵢ': -0.11497218609872939, 'Vᵢⱼ': None, 'Ʌᵢⱼ': None, 'Ƹᵢⱼ': -0.7561095246267684, 'Ʒᵢⱼ': -0.22234038864503214, 'γ1': 0.7640160491175331, 'γ2': None, 'γ3': 0.7640160491175331, 'Vᵢᵢ_std': 0.9783353921797893, 'Ʌᵢᵢ_std': 3.1425198477897776, 'Vᵢⱼ_std': None, 'Ʌᵢⱼ_std': None, 'Ƹᵢⱼ_std': 2.5593681130370842, 'Ʒᵢⱼ_std': 2.9761149955327872, 'γ1_std': 0.8348595082494163, 'γ2_std': None, 'γ3_std': 1.0}",-0.9753742079589081,-0.9753742079589081,-0.11497218609872939,-0.11497218609872939,,,,,-0.7561095246267684,-0.7561095246267684,-0.22234038864503214,-0.22234038864503214,0.7640160491175331,0.7640160491175331,,,,0.7640160491175331,0.9783353921797893,0.9783353921797893,3.1425198477897776,3.1425198477897776,,,,,2.5593681130370842,2.5593681130370842,2.9761149955327872,2.9761149955327872,0.8348595082494163,0.8348595082494163,,,,1.0
6,13,10,14,include_altruism_term,0.0,0.0,0.0,True,"Uᵢ(A) = Vᵢᵢ × max(πᵢᴬ - πᵢᴮ, 0)^γ₁ - Ʌᵢᵢ × max(πᵢᴮ - πᵢᴬ, 0)^γ₁ - Ƹᵢⱼ × max(πⱼᴬ - πᵢᴬ, 0)^γ₁ - Ʒᵢⱼ × max(πᵢᴬ - πⱼᴬ, 0)^γ₁","Uᵢ(A) = Vᵢᵢ × max(πᵢᴬ - πᵢᴮ, 0)^γ₁ - Ʌᵢᵢ × max(πᵢᴮ - πᵢᴬ, 0)^γ₁ + Vᵢⱼ × max(πⱼᴬ - πⱼᴮ, 0)^γ₁ - Ʌᵢⱼ × max(πⱼᴮ - πⱼᴬ, 0)^γ₁ - Ƹᵢⱼ × max(πⱼᴬ - πᵢᴬ, 0)^γ₁ - Ʒᵢⱼ × max(πᵢᴬ - πⱼᴬ, 0)^γ₁","(False, False, False, True, False, True, False, False, False, True, True, False, True, False)","(False, False, False, True, False, True, False, False, False, True, True, False, True, True)",0,chooser,False,False,False,True,False,True,False,False,False,True,True,False,True,False,False,False,False,True,False,True,False,False,False,True,True,False,True,True,"{'Vᵢᵢ': 0.5609460719810628, 'Ʌᵢᵢ': -0.5554622377575609, 'Vᵢⱼ': None, 'Ʌᵢⱼ': None, 'Ƹᵢⱼ': -0.31009350939133973, 'Ʒᵢⱼ': -0.1411764570888414, 'γ1': 1.104880935601116, 'γ2': None, 'γ3': None, 'Vᵢᵢ_std': 3.2816879246938955, 'Ʌᵢᵢ_std': 0.7684883701028012, 'Vᵢⱼ_std': None, 'Ʌᵢⱼ_std': None, 'Ƹᵢⱼ_std': 1.681904387665523, 'Ʒᵢⱼ_std': 1.9589608191302803, 'γ1_std': 0.024874560760691285, 'γ2_std': None, 'γ3_std': None}","{'Vᵢᵢ': 0.5609460719810628, 'Ʌᵢᵢ': -0.5554622377575609, 'Vᵢⱼ': 0.0, 'Ʌᵢⱼ': 0.0, 'Ƹᵢⱼ': -0.31009350939133973, 'Ʒᵢⱼ': -0.1411764570888414, 'γ1': 1.104880935601116, 'γ2': None, 'γ3': None, 'Vᵢᵢ_std': 3.2816879246938955, 'Ʌᵢᵢ_std': 0.7684883701028012, 'Vᵢⱼ_std': 2.005, 'Ʌᵢⱼ_std': 2.005, 'Ƹᵢⱼ_std': 1.681904387665523, 'Ʒᵢⱼ_std': 1.9589608191302803, 'γ1_std': 0.024874560760691285, 'γ2_std': None, 'γ3_std': None}",0.5609460719810628,0.5609460719810628,-0.5554622377575609,-0.5554622377575609,,0.0,,0.0,-0.31009350939133973,-0.31009350939133973,-0.1411764570888414,-0.1411764570888414,1.104880935601116,1.104880935601116,,,,,3.2816879246938955,3.2816879246938955,0.7684883701028012,0.7684883701028012,,2.005,,2.005,1.681904387665523,1.681904387665523,1.9589608191302803,1.9589608191302803,0.024874560760691285,0.024874560760691285,,,,
9,18,12,18,include_altruism_term,0.0,0.0,0.0,True,"Uᵢ(A) = Vᵢᵢ × max(πᵢᴬ - πᵢᴮ, 0)^γ₁ - Ʌᵢᵢ × max(πᵢᴮ - πᵢᴬ, 0)^γ₁ - Ƹᵢⱼ × max(πⱼᴬ - πᵢᴬ, 0)^γ₃ - Ʒᵢⱼ × max(πᵢᴬ - πⱼᴬ, 0)^γ₃","Uᵢ(A) = Vᵢᵢ × max(πᵢᴬ - πᵢᴮ, 0)^γ₁ - Ʌᵢᵢ × max(πᵢᴮ - πᵢᴬ, 0)^γ₁ + Vᵢⱼ × max(πⱼᴬ - πⱼᴮ, 0)^γ₂ - Ʌᵢⱼ × max(πⱼᴮ - πⱼᴬ, 0)^γ₂ - Ƹᵢⱼ × max(πⱼᴬ - πᵢᴬ, 0)^γ₃ - Ʒᵢⱼ × max(πᵢᴬ - πⱼᴬ, 0)^γ₃","(False, False, False, True, False, False, False, False, False, True, True, False, True, False)","(False, False, False, True, False, False, False, False, False, True, True, False, True, True)",0,chooser,False,False,False,True,False,False,False,False,False,True,True,False,True,False,False,False,False,True,False,False,False,False,False,True,True,False,True,True,"{'Vᵢᵢ': -0.6597367760441573, 'Ʌᵢᵢ': -0.7386321994143352, 'Vᵢⱼ': None, 'Ʌᵢⱼ': None, 'Ƹᵢⱼ': 0.9960428106589692, 'Ʒᵢⱼ': -0.787169171136036, 'γ1': 0.08606511144338955, 'γ2': None, 'γ3': 1.765455557234284, 'Vᵢᵢ_std': 1.2923225604324915, 'Ʌᵢᵢ_std': 3.971511865640206, 'Vᵢⱼ_std': None, 'Ʌᵢⱼ_std': None, 'Ƹᵢⱼ_std': 2.3693643499419244, 'Ʒᵢⱼ_std': 1.1603466239245102, 'γ1_std': 0.3853020206449263, 'γ2_std': None, 'γ3_std': 0.3546912071750052}","{'Vᵢᵢ': -0.6597367760441573, 'Ʌᵢᵢ': -0.7386321994143352, 'Vᵢⱼ': 0.0, 'Ʌᵢⱼ': 0.0, 'Ƹᵢⱼ': 0.9960428106589692, 'Ʒᵢⱼ': -0.787169171136036, 'γ1': 0.08606511144338955, 'γ2': 1.0, 'γ3': 1.765455557234284, 'Vᵢᵢ_std': 1.2923225604324915, 'Ʌᵢᵢ_std': 3.971511865640206, 'Vᵢⱼ_std': 2.005, 'Ʌᵢⱼ_std': 2.005, 'Ƹᵢⱼ_std': 2.3693643499419244, 'Ʒᵢⱼ_std': 1.1603466239245102, 'γ1_std': 0.3853020206449263, 'γ2_std': 1.0, 'γ3_std': 0.3546912071750052}",-0.6597367760441573,-0.6597367760441573,-0.7386321994143352,-0.7386321994143352,,0.0,,0.0,0.9960428106589692,0.9960428106589692,-0.787169171136036,-0.787169171136036,0.08606511144338955,0.08606511144338955,,1.0,1.765455557234284,1.765455557234284,1.2923225604324915,1.2923225604324915,3.971511865640206,3.971511865640206,,2.005,,2.005,2.3693643499419244,2.3693643499419244,1.1603466239245102,1.1603466239245102,0.3853020206449263,0.3853020206449263,,1.0,0.3546912071750052,0.3546912071750052
15,22,12,18,include_altruism_term,0.0,0.0,0.0,True,"Uᵢ(A) = Vᵢᵢ × max(πᵢᴬ - 3, 0)^γ₁ - Ʌᵢᵢ × max(3 - πᵢᴬ, 0)^γ₁ - Ƹᵢⱼ × max(πⱼᴬ - πᵢᴬ, 0)^γ₃ - Ʒᵢⱼ × max(πᵢᴬ - πⱼᴬ, 0)^γ₃","Uᵢ(A) = Vᵢᵢ × max(πᵢᴬ - 3, 0)^γ₁ - Ʌᵢᵢ × max(3 - πᵢᴬ, 0)^γ₁ + Vᵢⱼ × max(πⱼᴬ - 3, 0)^γ₂ - Ʌᵢⱼ × max(3 - πⱼᴬ, 0)^γ₂ - Ƹᵢⱼ × max(πⱼᴬ - πᵢᴬ, 0)^γ₃ - Ʒᵢⱼ × max(πᵢᴬ - πⱼᴬ, 0)^γ₃","(False, False, False, True, False, False, False, False, True, True, True, False, True, False)","(False, False, False, True, False, False, False, False, True, True, True, False, True, True)",0,chooser,False,False,False,True,False,False,False,False,True,True,True,False,True,False,False,False,False,True,False,False,False,False,True,True,True,False,True,True,"{'Vᵢᵢ': 0.6301946683487865, 'Ʌᵢᵢ': -0.792698798005143, 'Vᵢⱼ': None, 'Ʌᵢⱼ': None, 'Ƹᵢⱼ': 0.2352711307187294, 'Ʒᵢⱼ': -0.7379515271404369, 'γ1': 0.5978506881895079, 'γ2': None, 'γ3': 0.8060587847127264, 'Vᵢᵢ_std': 3.6364847088398835, 'Ʌᵢᵢ_std': 3.708529430570214, 'Vᵢⱼ_std': None, 'Ʌᵢⱼ_std': None, 'Ƹᵢⱼ_std': 3.448716754924607, 'Ʒᵢⱼ_std': 2.7441723248578396, 'γ1_std': 0.31221926802218025, 'γ2_std': None, 'γ3_std': 0.7837296045542512}","{'Vᵢᵢ': 0.6301946683487865, 'Ʌᵢᵢ': -0.792698798005143, 'Vᵢⱼ': 0.0, 'Ʌᵢⱼ': 0.0, 'Ƹᵢⱼ': 0.2352711307187294, 'Ʒᵢⱼ': -0.7379515271404369, 'γ1': 0.5978506881895079, 'γ2': 1.0, 'γ3': 0.8060587847127264, 'Vᵢᵢ_std': 3.6364847088398835, 'Ʌᵢᵢ_std': 3.708529430570214, 'Vᵢⱼ_std': 2.005, 'Ʌᵢⱼ_std': 2.005, 'Ƹᵢⱼ_std': 3.448716754924607, 'Ʒᵢⱼ_std': 2.7441723248578396, 'γ1_std': 0.31221926802218025, 'γ2_std': 1.0, 'γ3_std': 0.7837296045542512}",0.6301946683487865,0.6301946683487865,-0.792698798005143,-0.792698798005143,,0.0,,0.0,0.2352711307187294,0.2352711307187294,-0.7379515271404369,-0.7379515271404369,0.5978506881895079,0.5978506881895079,,1.0,0.8060587847127264,0.8060587847127264,3.6364847088398835,3.6364847088398835,3.708529430570214,3.708529430570214,,2.005,,2.005,3.448716754924607,3.448716754924607,2.7441723248578396,2.7441723248578396,0.31221926802218025,0.31221926802218025,,1.0,0.7837296045542512,0.7837296045542512
24,26,12,18,include_altruism_term,0.0,0.0,0.0,True,"Uᵢ(A) = Vᵢᵢ × max([πᵢᴬ / (πᵢᴬ + πᵢᴮ) - 1/2], 0)^γ₁ - Ʌᵢᵢ × max([πᵢᴮ / (πᵢᴮ + πᵢᴬ) - 1/2], 0)^γ₁ - Ƹᵢⱼ × max([πⱼᴬ / (πᵢᴬ + πⱼᴬ) - 1/2], 0)^γ₃ - Ʒᵢⱼ × max([πᵢᴬ / (πᵢᴬ + πⱼᴬ) - 1/2], 0)^γ₃","Uᵢ(A) = Vᵢᵢ × max([πᵢᴬ / (πᵢᴬ + πᵢᴮ) - 1/2], 0)^γ₁ - Ʌᵢᵢ × max([πᵢᴮ / (πᵢᴮ + πᵢᴬ) - 1/2], 0)^γ₁ + Vᵢⱼ × max([πⱼᴬ / (πⱼᴬ + πⱼᴮ) - 1/2], 0)^γ₂ - Ʌᵢⱼ × max([πⱼᴮ / (πⱼᴮ + πⱼᴬ) - 1/2], 0)^γ₂ - Ƹᵢⱼ × max([πⱼᴬ / (πᵢᴬ + πⱼᴬ) - 1/2], 0)^γ₃ - Ʒᵢⱼ × max([πᵢᴬ / (πᵢᴬ + πⱼᴬ) - 1/2], 0)^γ₃","(False, False, False, True, False, False, False, True, False, True, True, False, True, False)","(False, False, False, True, False, False, False, True, False, True, True, False, True, True)",0,chooser,False,False,False,True,False,False,False,True,False,True,True,False,True,False,False,False,False,True,False,False,False,True,False,True,True,False,True,True,"{'Vᵢᵢ': 0.9610386800450901, 'Ʌᵢᵢ': 0.22189712489489422, 'Vᵢⱼ': None, 'Ʌᵢⱼ': None, 'Ƹᵢⱼ': 0.748461923293716, 'Ʒᵢⱼ': -0.0394440359194792, 'γ1': 1.4702322891382367, 'γ2': None, 'γ3': 0.6593688369993979, 'Vᵢᵢ_std': 2.565896386763905, 'Ʌᵢᵢ_std': 3.487398084130887, 'Vᵢⱼ_std': None, 'Ʌᵢⱼ_std': None, 'Ƹᵢⱼ_std': 1.8392564813684915, 'Ʒᵢⱼ_std': 2.5204862119795277, 'γ1_std': 0.9795458448679825, 'γ2_std': None, 'γ3_std': 0.7912277734409022}","{'Vᵢᵢ': 0.9610386800450901, 'Ʌᵢᵢ': 0.22189712489489422, 'Vᵢⱼ': 0.0, 'Ʌᵢⱼ': 0.0, 'Ƹᵢⱼ': 0.748461923293716, 'Ʒᵢⱼ': -0.0394440359194792, 'γ1': 1.4702322891382367, 'γ2': 1.0, 'γ3': 0.6593688369993979, 'Vᵢᵢ_std': 2.565896386763905, 'Ʌᵢᵢ_std': 3.487398084130887, 'Vᵢⱼ_std': 2.005, 'Ʌᵢⱼ_std': 2.005, 'Ƹᵢⱼ_std': 1.8392564813684915, 'Ʒᵢⱼ_std': 2.5204862119795277, 'γ1_std': 0.9795458448679825, 'γ2_std': 1.0, 'γ3_std': 0.7912277734409022}",0.9610386800450901,0.9610386800450901,0.22189712489489422,0.22189712489489422,,0.0,,0.0,0.748461923293716,0.748461923293716,-0.0394440359194792,-0.0394440359194792,1.4702322891382367,1.4702322891382367,,1.0,0.6593688369993979,0.6593688369993979,2.565896386763905,2.565896386763905,3.487398084130887,3.487398084130887,,2.005,,2.005,1.8392564813684915,1.8392564813684915,2.5204862119795277,2.5204862119795277,0.9795458448679825,0.9795458448679825,,1.0,0.7912277734409022,0.7912277734409022
7,18,14,18,use_negativity_parameters,0.0,0.0,0.0,True,"Uᵢ(A) = Vᵢᵢ(πᵢᴬ - πᵢᴮ)^γ₁ + Vᵢⱼ(πⱼᴬ - πⱼᴮ)^γ₂ - Ƹᵢⱼ × max(πⱼᴬ - πᵢᴬ, 0)^γ₃ - Ʒᵢⱼ × max(πᵢᴬ - πⱼᴬ, 0)^γ₃","Uᵢ(A) = Vᵢᵢ × max(πᵢᴬ - πᵢᴮ, 0)^γ₁ - Ʌᵢᵢ × max(πᵢᴮ - πᵢᴬ, 0)^γ₁ + Vᵢⱼ × max(πⱼᴬ - πⱼᴮ, 0)^γ₂ - Ʌᵢⱼ × max(πⱼᴮ - πⱼᴬ, 0)^γ₂ - Ƹᵢⱼ × max(πⱼᴬ - πᵢᴬ, 0)^γ₃ - Ʒᵢⱼ × max(πᵢᴬ - πⱼᴬ, 0)^γ₃","(False, False, False, True, False, False, False, False, False, False, True, False, True, True)","(False, False, False, True, False, False, False, False, False, True, True, False, True, True)",0,chooser,False,False,False,True,False,False,False,False,False,False,True,False,True,True,False,False,False,True,False,False,False,False,False,True,True,False,True,True,"{'Vᵢᵢ': 0.4530248575889708, 'Ʌᵢᵢ': None, 'Vᵢⱼ': 0.7978591851278143, 'Ʌᵢⱼ': None, 'Ƹᵢⱼ': -0.42098588154878636, 'Ʒᵢⱼ': -0.07249300713368378, 'γ1': 0.349846915753345, 'γ2': 1.0489106391444598, 'γ3': 0.07202680455522772, 'Vᵢᵢ_std': 0.15756590262905634, 'Ʌᵢᵢ_std': None, 'Vᵢⱼ_std': 1.6155251402273223, 'Ʌᵢⱼ_std': None, 'Ƹᵢⱼ_std': 0.556459121574003, 'Ʒᵢⱼ_std': 0.5968181530323385, 'γ1_std': 0.1127310550067746, 'γ2_std': 0.6748583922358217, 'γ3_std': 0.8056596957772921}","{'Vᵢᵢ': 0.4530248575889708, 'Ʌᵢᵢ': 0.4530248575889708, 'Vᵢⱼ': 0.7978591851278143, 'Ʌᵢⱼ': 0.7978591851278143, 'Ƹᵢⱼ': -0.42098588154878636, 'Ʒᵢⱼ': -0.07249300713368378, 'γ1': 0.349846915753345, 'γ2': 1.0489106391444598, 'γ3': 0.07202680455522772, 'Vᵢᵢ_std': 0.15756590262905634, 'Ʌᵢᵢ_std': 2.005, 'Vᵢⱼ_std': 1.6155251402273223, 'Ʌᵢⱼ_std': 2.005, 'Ƹᵢⱼ_std': 0.556459121574003, 'Ʒᵢⱼ_std': 0.5968181530323385, 'γ1_std': 0.1127310550067746, 'γ2_std': 0.6748583922358217, 'γ3_std': 0.8056596957772921}",0.4530248575889708,0.4530248575889708,,0.4530248575889708,0.7978591851278143,0.7978591851278143,,0.7978591851278143,-0.42098588154878636,-0.42098588154878636,-0.07249300713368378,-0.07249300713368378,0.349846915753345,0.349846915753345,1.0489106391444598,1.0489106391444598,0.07202680455522772,0.07202680455522772,0.15756590262905634,0.15756590262905634,,2.005,1.6155251402273223,1.6155251402273223,,2.005,0.556459121574003,0.556459121574003,0.5968181530323385,0.5968181530323385,0.1127310550067746,0.1127310550067746,0.6748583922358217,0.6748583922358217,0.8056596957772921,0.8056596957772921
13,18,14,18,single_exponential_parameter,0.0,0.0,0.0,True,"Uᵢ(A) = Vᵢᵢ × max(πᵢᴬ - πᵢᴮ, 0)^γ₁ - Ʌᵢᵢ × max(πᵢᴮ - πᵢᴬ, 0)^γ₁ + Vᵢⱼ × max(πⱼᴬ - πⱼᴮ, 0)^γ₁ - Ʌᵢⱼ × max(πⱼᴮ - πⱼᴬ, 0)^γ₁ - Ƹᵢⱼ × max(πⱼᴬ - πᵢᴬ, 0)^γ₁ - Ʒᵢⱼ × max(πᵢᴬ - πⱼᴬ, 0)^γ₁","Uᵢ(A) = Vᵢᵢ × max(πᵢᴬ - πᵢᴮ, 0)^γ₁ - Ʌᵢᵢ × max(πᵢᴮ - πᵢᴬ, 0)^γ₁ + Vᵢⱼ × max(πⱼᴬ - πⱼᴮ, 0)^γ₂ - Ʌᵢⱼ × max(πⱼᴮ - πⱼᴬ, 0)^γ₂ - Ƹᵢⱼ × max(πⱼᴬ - πᵢᴬ, 0)^γ₃ - Ʒᵢⱼ × max(πᵢᴬ - πⱼᴬ, 0)^γ₃","(False, False, False, True, False, True, False, False, False, True, True, False, True, True)","(False, False, False, True, False, False, False, False, False, True, True, False, True, True)",0,chooser,False,False,False,True,False,True,False,False,False,True,True,False,True,True,False,False,False,True,False,False,False,False,False,True,True,False,True,True,"{'Vᵢᵢ': -0.35263381265989735, 'Ʌᵢᵢ': -0.36326061709470703, 'Vᵢⱼ': 0.8262598353591017, 'Ʌᵢⱼ': -0.0786118973340888, 'Ƹᵢⱼ': 0.9525714220882262, 'Ʒᵢⱼ': 0.6499276532641738, 'γ1': 0.3870402769577135, 'γ2': None, 'γ3': None, 'Vᵢᵢ_std': 0.9516935919842376, 'Ʌᵢᵢ_std': 1.7209370266737762, 'Vᵢⱼ_std': 2.6223445272420363, 'Ʌᵢⱼ_std': 0.7420177362015227, 'Ƹᵢⱼ_std': 3.900801112943292, 'Ʒᵢⱼ_std': 1.5945363204405198, 'γ1_std': 0.6501385980023657, 'γ2_std': None, 'γ3_std': None}","{'Vᵢᵢ': -0.35263381265989735, 'Ʌᵢᵢ': -0.36326061709470703, 'Vᵢⱼ': 0.8262598353591017, 'Ʌᵢⱼ': -0.0786118973340888, 'Ƹᵢⱼ': 0.9525714220882262, 'Ʒᵢⱼ': 0.6499276532641738, 'γ1': 0.3870402769577135, 'γ2': 0.3870402769577135, 'γ3': 0.3870402769577135, 'Vᵢᵢ_std': 0.9516935919842376, 'Ʌᵢᵢ_std': 1.7209370266737762, 'Vᵢⱼ_std': 2.6223445272420363, 'Ʌᵢⱼ_std': 0.7420177362015227, 'Ƹᵢⱼ_std': 3.900801112943292, 'Ʒᵢⱼ_std': 1.5945363204405198, 'γ1_std': 0.6501385980023657, 'γ2_std': 1.0, 'γ3_std': 1.0}",-0.35263381265989735,-0.35263381265989735,-0.36326061709470703,-0.36326061709470703,0.8262598353591017,0.8262598353591017,-0.0786118973340888,-0.0786118973340888,0.9525714220882262,0.9525714220882262,0.6499276532641738,0.6499276532641738,0.3870402769577135,0.3870402769577135,,0.3870402769577135,,0.3870402769577135,0.9516935919842376,0.9516935919842376,1.7209370266737762,1.7209370266737762,2.6223445272420363,2.6223445272420363,0.7420177362015227,0.7420177362015227,3.900801112943292,3.900801112943292,1.5945363204405198,1.5945363204405198,0.6501385980023657,0.6501385980023657,,1.0,,1.0
14,18,16,18,fix_self_interest_parameter,0.0,0.0,0.0,True,"Uᵢ(A) = max(πᵢᴬ - πᵢᴮ, 0)^γ₁ + Vᵢⱼ × max(πⱼᴬ - πⱼᴮ, 0)^γ₂ - Ʌᵢⱼ × max(πⱼᴮ - πⱼᴬ, 0)^γ₂ - Ƹᵢⱼ × max(πⱼᴬ - πᵢᴬ, 0)^γ₃ - Ʒᵢⱼ × max(πᵢᴬ - πⱼᴬ, 0)^γ₃","Uᵢ(A) = Vᵢᵢ × max(πᵢᴬ - πᵢᴮ, 0)^γ₁ - Ʌᵢᵢ × max(πᵢᴮ - πᵢᴬ, 0)^γ₁ + Vᵢⱼ × max(πⱼᴬ - πⱼᴮ, 0)^γ₂ - Ʌᵢⱼ × max(πⱼᴮ - πⱼᴬ, 0)^γ₂ - Ƹᵢⱼ × max(πⱼᴬ - πᵢᴬ, 0)^γ₃ - Ʒᵢⱼ × max(πᵢᴬ - πⱼᴬ, 0)^γ₃","(False, False, False, True, False, False, False, False, False, True, True, True, True, True)","(False, False, False, True, False, False, False, False, False, True, True, False, True, True)",0,chooser,False,False,False,True,False,False,False,False,False,True,True,True,True,True,False,False,False,True,False,False,False,False,False,True,True,False,True,True,"{'Vᵢᵢ': None, 'Ʌᵢᵢ': -0.666250407106691, 'Vᵢⱼ': 0.4135033946875999, 'Ʌᵢⱼ': 0.04133725158279811, 'Ƹᵢⱼ': -0.40066143736451165, 'Ʒᵢⱼ': -0.08759121181106022, 'γ1': 0.8284401764684594, 'γ2': 1.567943823344424, 'γ3': 0.5157405504509729, 'Vᵢᵢ_std': None, 'Ʌᵢᵢ_std': 2.485040747887119, 'Vᵢⱼ_std': 3.403791849286123, 'Ʌᵢⱼ_std': 0.3045230193109004, 'Ƹᵢⱼ_std': 1.10687903910101, 'Ʒᵢⱼ_std': 0.16854702119672924, 'γ1_std': 0.8398797341886364, 'γ2_std': 0.8715587006530678, 'γ3_std': 0.9232339279438497}","{'Vᵢᵢ': 1.0, 'Ʌᵢᵢ': -0.666250407106691, 'Vᵢⱼ': 0.4135033946875999, 'Ʌᵢⱼ': 0.04133725158279811, 'Ƹᵢⱼ': -0.40066143736451165, 'Ʒᵢⱼ': -0.08759121181106022, 'γ1': 0.8284401764684594, 'γ2': 1.567943823344424, 'γ3': 0.5157405504509729, 'Vᵢᵢ_std': 2.005, 'Ʌᵢᵢ_std': 2.485040747887119, 'Vᵢⱼ_std': 3.403791849286123, 'Ʌᵢⱼ_std': 0.3045230193109004, 'Ƹᵢⱼ_std': 1.10687903910101, 'Ʒᵢⱼ_std': 0.16854702119672924, 'γ1_std': 0.8398797341886364, 'γ2_std': 0.8715587006530678, 'γ3_std': 0.9232339279438497}",,1.0,-0.666250407106691,-0.666250407106691,0.4135033946875999,0.4135033946875999,0.04133725158279811,0.04133725158279811,-0.40066143736451165,-0.40066143736451165,-0.08759121181106022,-0.08759121181106022,0.8284401764684594,0.8284401764684594,1.567943823344424,1.567943823344424,0.5157405504509729,0.5157405504509729,,2.005,2.485040747887119,2.485040747887119,3.403791849286123,3.403791849286123,0.3045230193109004,0.3045230193109004,1.10687903910101,1.10687903910101,0.16854702119672924,0.16854702119672924,0.8398797341886364,0.8398797341886364,0.8715587006530678,0.8715587006530678,0.9232339279438497,0.9232339279438497
16,22,16,18,fix_self_interest_parameter,0.0,0.0,0.0,True,"Uᵢ(A) = max(πᵢᴬ - 3, 0)^γ₁ + Vᵢⱼ × max(πⱼᴬ - 3, 0)^γ₂ - Ʌᵢⱼ × max(3 - πⱼᴬ, 0)^γ₂ - Ƹᵢⱼ × max(πⱼᴬ - πᵢᴬ, 0)^γ₃ - Ʒᵢⱼ × max(πᵢᴬ - πⱼᴬ, 0)^γ₃","Uᵢ(A) = Vᵢᵢ × max(πᵢᴬ - 3, 0)^γ₁ - Ʌᵢᵢ × max(3 - πᵢᴬ, 0)^γ₁ + Vᵢⱼ × max(πⱼᴬ - 3, 0)^γ₂ - Ʌᵢⱼ × max(3 - πⱼᴬ, 0)^γ₂ - Ƹᵢⱼ × max(πⱼᴬ - πᵢᴬ, 0)^γ₃ - Ʒᵢⱼ × max(πᵢᴬ - πⱼᴬ, 0)^γ₃","(False, False, False, True, False, False, False, False, True, True, True, True, True, True)","(False, False, False, True, False, False, False, False, True, True, True, False, True, True)",0,chooser,False,False,False,True,False,False,False,False,True,True,True,True,True,True,False,False,False,True,False,False,False,False,True,True,True,False,True,True,"{'Vᵢᵢ': None, 'Ʌᵢᵢ': 0.6944126214665132, 'Vᵢⱼ': -0.2069629991035553, 'Ʌᵢⱼ': 0.030158487773269682, 'Ƹᵢⱼ': -0.45064650622644087, 'Ʒᵢⱼ': -0.1011647244503977, 'γ1': 0.7353302695198829, 'γ2': 1.0100211688497651, 'γ3': 1.4458635226459895, 'Vᵢᵢ_std': None, 'Ʌᵢᵢ_std': 0.7743487049197416, 'Vᵢⱼ_std': 3.03034899809053, 'Ʌᵢⱼ_std': 2.915812242668009, 'Ƹᵢⱼ_std': 1.678051449618922, 'Ʒᵢⱼ_std': 0.2844860011117191, 'γ1_std': 0.13942181437761791, 'γ2_std': 0.014470324341033708, 'γ3_std': 0.6815919351974407}","{'Vᵢᵢ': 1.0, 'Ʌᵢᵢ': 0.6944126214665132, 'Vᵢⱼ': -0.2069629991035553, 'Ʌᵢⱼ': 0.030158487773269682, 'Ƹᵢⱼ': -0.45064650622644087, 'Ʒᵢⱼ': -0.1011647244503977, 'γ1': 0.7353302695198829, 'γ2': 1.0100211688497651, 'γ3': 1.4458635226459895, 'Vᵢᵢ_std': 2.005, 'Ʌᵢᵢ_std': 0.7743487049197416, 'Vᵢⱼ_std': 3.03034899809053, 'Ʌᵢⱼ_std': 2.915812242668009, 'Ƹᵢⱼ_std': 1.678051449618922, 'Ʒᵢⱼ_std': 0.2844860011117191, 'γ1_std': 0.13942181437761791, 'γ2_std': 0.014470324341033708, 'γ3_std': 0.6815919351974407}",,1.0,0.6944126214665132,0.6944126214665132,-0.2069629991035553,-0.2069629991035553,0.030158487773269682,0.030158487773269682,-0.45064650622644087,-0.45064650622644087,-0.1011647244503977,-0.1011647244503977,0.7353302695198829,0.7353302695198829,1.0100211688497651,1.0100211688497651,1.4458635226459895,1.4458635226459895,,2.005,0.7743487049197416,0.7743487049197416,3.03034899809053,3.03034899809053,2.915812242668009,2.915812242668009,1.678051449618922,1.678051449618922,0.2844860011117191,0.2844860011117191,0.13942181437761791,0.13942181437761791,0.014470324341033708,0.014470324341033708,0.6815919351974407,0.6815919351974407
25,26,16,18,fix_self_interest_parameter,0.0,0.0,0.0,True,"Uᵢ(A) = max([πᵢᴬ / (πᵢᴬ + πᵢᴮ) - 1/2], 0)^γ₁ + Vᵢⱼ × max([πⱼᴬ / (πⱼᴬ + πⱼᴮ) - 1/2], 0)^γ₂ - Ʌᵢⱼ × max([πⱼᴮ / (πⱼᴮ + πⱼᴬ) - 1/2], 0)^γ₂ - Ƹᵢⱼ × max([πⱼᴬ / (πᵢᴬ + πⱼᴬ) - 1/2], 0)^γ₃ - Ʒᵢⱼ × max([πᵢᴬ / (πᵢᴬ + πⱼᴬ) - 1/2], 0)^γ₃","Uᵢ(A) = Vᵢᵢ × max([πᵢᴬ / (πᵢᴬ + πᵢᴮ) - 1/2], 0)^γ₁ - Ʌᵢᵢ × max([πᵢᴮ / (πᵢᴮ + πᵢᴬ) - 1/2], 0)^γ₁ + Vᵢⱼ × max([πⱼᴬ / (πⱼᴬ + πⱼᴮ) - 1/2], 0)^γ₂ - Ʌᵢⱼ × max([πⱼᴮ / (πⱼᴮ + πⱼᴬ) - 1/2], 0)^γ₂ - Ƹᵢⱼ × max([πⱼᴬ / (πᵢᴬ + πⱼᴬ) - 1/2], 0)^γ₃ - Ʒᵢⱼ × max([πᵢᴬ / (πᵢᴬ + πⱼᴬ) - 1/2], 0)^γ₃","(False, False, False, True, False, False, False, True, False, True, True, True, True, True)","(False, False, False, True, False, False, False, True, False, True, True, False, True, True)",0,chooser,False,False,False,True,False,False,False,True,False,True,True,True,True,True,False,False,False,True,False,False,False,True,False,True,True,False,True,True,"{'Vᵢᵢ': None, 'Ʌᵢᵢ': 0.7836677069823204, 'Vᵢⱼ': 0.967444102870572, 'Ʌᵢⱼ': -0.8003714193842806, 'Ƹᵢⱼ': 0.5771025910765633, 'Ʒᵢⱼ': -0.3682862865765433, 'γ1': 1.2943933150761946, 'γ2': 0.5553894232711456, 'γ3': 1.8116546326769327, 'Vᵢᵢ_std': None, 'Ʌᵢᵢ_std': 3.5980298877117756, 'Vᵢⱼ_std': 2.931216171953267, 'Ʌᵢⱼ_std': 0.35454208192733927, 'Ƹᵢⱼ_std': 2.205573919096607, 'Ʒᵢⱼ_std': 0.9501254441909409, 'γ1_std': 0.6327255224039197, 'γ2_std': 0.35761897085714733, 'γ3_std': 0.48014048677796467}","{'Vᵢᵢ': 1.0, 'Ʌᵢᵢ': 0.7836677069823204, 'Vᵢⱼ': 0.967444102870572, 'Ʌᵢⱼ': -0.8003714193842806, 'Ƹᵢⱼ': 0.5771025910765633, 'Ʒᵢⱼ': -0.3682862865765433, 'γ1': 1.2943933150761946, 'γ2': 0.5553894232711456, 'γ3': 1.8116546326769327, 'Vᵢᵢ_std': 2.005, 'Ʌᵢᵢ_std': 3.5980298877117756, 'Vᵢⱼ_std': 2.931216171953267, 'Ʌᵢⱼ_std': 0.35454208192733927, 'Ƹᵢⱼ_std': 2.205573919096607, 'Ʒᵢⱼ_std': 0.9501254441909409, 'γ1_std': 0.6327255224039197, 'γ2_std': 0.35761897085714733, 'γ3_std': 0.48014048677796467}",,1.0,0.7836677069823204,0.7836677069823204,0.967444102870572,0.967444102870572,-0.8003714193842806,-0.8003714193842806,0.5771025910765633,0.5771025910765633,-0.3682862865765433,-0.3682862865765433,1.2943933150761946,1.2943933150761946,0.5553894232711456,0.5553894232711456,1.8116546326769327,1.8116546326769327,,2.005,3.5980298877117756,3.5980298877117756,2.931216171953267,2.931216171953267,0.35454208192733927,0.35454208192733927,2.205573919096607,2.205573919096607,0.9501254441909409,0.9501254441909409,0.6327255224039197,0.6327255224039197,0.35761897085714733,0.35761897085714733,0.48014048677796467,0.48014048677796467
