conditional_welfare_mode,reference_dependent_altruism,min_max_rawlsian_leontief,include_welfare_efficiency_term,include_relative_income_penalty,use_exponential_parameters,apply_exponents_to_payoffs,single_exponential_parameter,single_payoffs_not_differences,payoff_ratios_not_differences,reference_dependent_utility,use_negativity_parameters,negativity_social_comparison,fix_self_interest_parameter,include_social_comparison,include_altruism_term,idx,n_data,k_params,pvar,param_norm_sd,loss,AIC,BIC,ΔAIC,ΔBIC,AIC_rank,BIC_rank,next_best_IC,equation
False,False,False,False,False,False,False,True,False,False,False,False,False,False,False,False,3,200,1,0.0,0.2820760669090518,90.48922057456886,182.97844114913772,186.27675851568577,16.573959652424435,3.0993475102245043,0,0,13.58118091644775,Uᵢ(A) = Vᵢᵢ(πᵢᴬ - πᵢᴮ)
False,False,False,False,False,True,False,True,True,False,False,False,False,True,False,True,13,200,2,0.0,0.372260059185639,86.2903881361826,176.5807762723652,183.17741100546127,10.176294775651911,0.0,0,0,4.746997953825343,Uᵢ(A) = (πᵢᴬ)^γ₁ + Vᵢⱼ(πⱼᴬ)^γ₁
False,False,False,False,False,True,False,True,False,False,False,True,False,False,False,False,15,200,3,0.0,0.2768779925055439,88.51130430401206,183.02260860802411,192.91756070766823,16.618127111310827,9.740149702206963,0,0,7.959003520082632,"Uᵢ(A) = Vᵢᵢ × max(πᵢᴬ - πᵢᴮ, 0)^γ₁ - Ʌᵢᵢ × max(πᵢᴮ - πᵢᴬ, 0)^γ₁"
False,False,False,False,False,True,False,False,True,False,False,False,False,False,True,False,19,200,4,0.0,0.23855609096278776,81.53200390624012,171.06400781248024,184.25727727867238,4.6595263157669535,1.0798662732111097,0,0,0.06646305590450652,"Uᵢ(A) = Vᵢᵢ(πᵢᴬ)^γ₁ - αᵢⱼ × (max(πⱼᴬ - πᵢᴬ, 0)^γ₃ + max(πᵢᴬ - πⱼᴬ, 0)^γ₃)"
False,False,False,False,False,True,False,False,False,False,False,False,True,False,True,False,21,200,5,0.0,0.3176587717340122,79.25245620670415,168.5049124134083,184.9964992461485,2.100430916695018,1.819088240687222,0,0,2.040723794444716,"Uᵢ(A) = Vᵢᵢ(πᵢᴬ - πᵢᴮ)^γ₁ - αᵢⱼ × max(πⱼᴬ - πᵢᴬ, 0)^γ₃ - βᵢⱼ × max(πᵢᴬ - πⱼᴬ, 0)^γ₃"
False,False,False,False,False,True,False,False,False,False,False,True,True,False,True,False,24,200,6,0.0,0.2946440055590618,79.20957876848871,170.41915753697742,190.20906173626565,4.014676040264135,7.031650730804387,0,0,6.190999578627213,"Uᵢ(A) = Vᵢᵢ × max(πᵢᴬ - πᵢᴮ, 0)^γ₁ - Ʌᵢᵢ × max(πᵢᴮ - πᵢᴬ, 0)^γ₁ - αᵢⱼ × max(πⱼᴬ - πᵢᴬ, 0)^γ₃ - βᵢⱼ × max(πᵢᴬ - πⱼᴬ, 0)^γ₃"
False,False,False,False,False,True,False,False,False,False,False,False,True,False,True,True,27,200,7,0.0,0.24584376997521484,76.20224074835664,166.4044814967133,189.49270306254954,0.0,6.315292057088271,0,0,2.513012491329704,"Uᵢ(A) = Vᵢᵢ(πᵢᴬ - πᵢᴮ)^γ₁ + Vᵢⱼ(πⱼᴬ - πⱼᴮ)^γ₂ - αᵢⱼ × max(πⱼᴬ - πᵢᴬ, 0)^γ₃ - βᵢⱼ × max(πᵢᴬ - πⱼᴬ, 0)^γ₃"
False,False,False,False,False,True,False,False,False,False,False,True,True,True,True,True,30,200,8,0.0,0.2440246512368437,75.80674276875206,167.61348553750412,194.00002446988842,1.2090040407908305,10.82261346442715,0,0,6.9969174872760505,"Uᵢ(A) = max(πᵢᴬ - πᵢᴮ, 0)^γ₁ + Vᵢⱼ × max(πⱼᴬ - πⱼᴮ, 0)^γ₂ - Ʌᵢⱼ × max(πⱼᴮ - πⱼᴬ, 0)^γ₂ - αᵢⱼ × max(πⱼᴬ - πᵢᴬ, 0)^γ₃ - βᵢⱼ × max(πᵢᴬ - πⱼᴬ, 0)^γ₃"
False,False,False,False,False,True,False,False,False,False,False,True,True,False,True,True,33,200,9,0.0,0.2410321253157856,75.86219704590361,169.72439409180723,199.40925039073954,3.319912595093939,16.231839385278278,0,0,3.2182024748526032,"Uᵢ(A) = Vᵢᵢ × max(πᵢᴬ - πᵢᴮ, 0)^γ₁ - Ʌᵢᵢ × max(πᵢᴮ - πᵢᴬ, 0)^γ₁ + Vᵢⱼ × max(πⱼᴬ - πⱼᴮ, 0)^γ₂ - Ʌᵢⱼ × max(πⱼᴮ - πⱼᴬ, 0)^γ₂ - αᵢⱼ × max(πⱼᴬ - πᵢᴬ, 0)^γ₃ - βᵢⱼ × max(πᵢᴬ - πⱼᴬ, 0)^γ₃"
