experiment_setting_keys,experiment_setting_values,round,room,batch,timestamp,title,tree_tag,player_uuids,player_types,avatar_shapes,avatar_colors,adjacency_matrix,idnum_label_map,perspective_of_player,final_node,tree_status,players_abdicated,durations,cumulative_payoffs_tree,cumulative_payoffs_experiment,choice_type_,choice_type_A,choice_type_B,probability_,probability_A,probability_B,positionxy_,positionxy_A,positionxy_B,info_set_,info_set_A,info_set_B,time_,time_A,time_B,beliefs_,beliefs_A,beliefs_B,options_,options_A,options_B,payoffs__p0,payoffs__p1,payoffs_A_p0,payoffs_A_p1,payoffs_B_p0,payoffs_B_p1,choice__p0,choice__p1,choice_A_p0,choice_A_p1,choice_B_p0,choice_B_p1,prediction__p0,prediction__p1,prediction_A_p0,prediction_A_p1,prediction_B_p0,prediction_B_p1,choice_data__p0,choice_data__p1,choice_data_A_p0,choice_data_A_p1,choice_data_B_p0,choice_data_B_p1,prediction_data__p0,prediction_data__p1,prediction_data_A_p0,prediction_data_A_p1,prediction_data_B_p0,prediction_data_B_p1
rounds,"{'apply': True, 'distribution_type': 'sigmoid', 'interval': [0, 200], 'coefficients': [1, 40]}",0,0,1,1732648731,BDG-356-3522,TREE-1.2-0.0-0.0,"['6e82ab61-3e9b-44ed-94f5-d85668628ea5', '3c48f1f3-63f8-4276-b96c-fc478c875973']","['participant', 'participant']","['hour-glass', 'round-square']","['hsla(18, 67%, 52%, 1.0)', 'hsla(196, 92%, 41%, 1.0)']","[[1.0, 0.23180873180873182], [0.23180873180873182, 1.0]]","{0: '', 1: 'A', 2: 'B'}",,1,after,"[True, False]","{'max': 21, 'min': 21, 'avg': 21.0, 'root': 12}","[-10, 0]","[133, 135]",sequential,chance,chance,"[1.0, 1.0]","[0.5, 1.0]","[0.5, 1.0]","[0.5, 1.0]","[0.625, 0.0]","[0.375, 0.0]",[[0]],[[1]],[[2]],"(0, 12)","(12, 21)","(12, 21)",{},{},{},"['A', 'B']",[],[],0,0,3,5,2,2,A,,,,,,,A,,,,,"{'rtype': 'select-node', 'rtimedn': 21.404, 'rtimeup': 21.404}",,,,,,,"{'rtype': 'select-node', 'rtimedn': 6.312, 'rtimeup': 6.312}",,,,
time_horizon,"{'apply': True, 'interval': [0, 1], 'distribution_type': 'linear', 'coefficients': [0, 1]}",0,1,1,1732648729,BDG-019-1145,TREE-1.2-0.0-0.0,"['680b54c2-f020-44f0-98a2-d8c0a41da056', 'bf3de0a4-d976-479b-b106-0fe02de0903b']","['robot', 'participant']","['ghost', 'hour-glass']","['hsla(78, 58%, 59%, 1.0)', 'hsla(268, 51%, 62%, 1.0)']","[[1.0, 0.23180873180873182], [0.23180873180873182, 1.0]]","{0: '', 1: 'A', 2: 'B'}",,1,after,"[False, False]","{'max': 21, 'min': 21, 'avg': 21.0, 'root': 12}","[0, 0]","[137, 128]",sequential,chance,chance,"[1.0, 1.0]","[0.5, 1.0]","[0.5, 1.0]","[0.5, 1.0]","[0.375, 0.0]","[0.625, 0.0]",[[0]],[[1]],[[2]],"(0, 12)","(12, 21)","(12, 21)",{},{},{},"['A', 'B']",[],[],0,0,1,1,4,5,A,,,,,,,B,,,,,"{'rtype': 'a', 'rtimedn': 0.657, 'rtimeup': 1.004}",,,,,,,"{'rtype': 'select-node', 'rtimedn': 1.972, 'rtimeup': 1.972}",,,,
payoff_dimensions,"{'SSD': {'apply': True, 'distribution_type': 'uniform', 'interval': [0, 1], 'coefficients': [1, 1]}, 'OOD': {'apply': True, 'distribution_type': 'uniform', 'interval': [0, 1], 'coefficients': [1, 1]}, 'SOD': {'apply': True, 'distribution_type': 'uniform', 'interval': [0, 1], 'coefficients': [1, 1]}, 'abdication_penalty': 10, 'payoff_values': [1, 9], 'cents_per_payoff': 0}",1,0,1,1732648741,BDG-116-1542,TREE-1.2-0.0-0.0,"['680b54c2-f020-44f0-98a2-d8c0a41da056', '6e82ab61-3e9b-44ed-94f5-d85668628ea5']","['robot', 'participant']","['ghost', 'hour-glass']","['hsla(78, 58%, 59%, 1.0)', 'hsla(18, 67%, 52%, 1.0)']","[[1.0, 0.43970893970893976], [0.43970893970893976, 1.0]]","{0: '', 1: 'A', 2: 'B'}",,1,after,"[False, True]","{'max': 21, 'min': 21, 'avg': 21.0, 'root': 12}","[0, -10]","[137, 133]",sequential,chance,chance,"[1.0, 1.0]","[0.5, 1.0]","[0.5, 1.0]","[0.5, 1.0]","[0.375, 0.0]","[0.625, 0.0]",[[0]],[[1]],[[2]],"(0, 12)","(12, 21)","(12, 21)",{},{},{},"['A', 'B']",[],[],0,0,1,5,4,2,A,,,,,,,B,,,,,"{'rtype': 'a', 'rtimedn': 1.619, 'rtimeup': 2.426}",,,,,,,"{'rtype': 'select-node', 'rtimedn': 22.671, 'rtimeup': 22.671}",,,,
players,"{'n_humans': 3, 'n_robots': 1, 'can_join_late': False, 'proportion_over_number': True, 'start_when_enough_humans': True, 'exclude_researchers': False}",1,1,1,1732648744,BDG-545-5251,TREE-1.2-0.0-0.0,"['3c48f1f3-63f8-4276-b96c-fc478c875973', 'bf3de0a4-d976-479b-b106-0fe02de0903b']","['participant', 'participant']","['round-square', 'hour-glass']","['hsla(196, 92%, 41%, 1.0)', 'hsla(268, 51%, 62%, 1.0)']","[[1.0, 0.43970893970893976], [0.43970893970893976, 1.0]]","{0: '', 1: 'A', 2: 'B'}",,1,after,"[False, False]","{'max': 21, 'min': 21, 'avg': 21.0, 'root': 12}","[0, 0]","[135, 128]",sequential,chance,chance,"[1.0, 1.0]","[0.5, 1.0]","[0.5, 1.0]","[0.5, 1.0]","[0.625, 0.0]","[0.375, 0.0]",[[0]],[[1]],[[2]],"(0, 12)","(12, 21)","(12, 21)",{},{},{},"['A', 'B']",[],[],0,0,5,2,5,1,A,,,,,,,A,,,,,"{'rtype': 'select-node', 'rtimedn': 7.322, 'rtimeup': 7.322}",,,,,,,"{'rtype': 'select-node', 'rtimedn': 3.47, 'rtimeup': 3.47}",,,,
game_speed,"{'seconds_per_node': 9, 'seconds_per_descendant': 1, 'buffer_between_levels': 0}",2,0,1,1732648752,BDG-494-4545,TREE-1.2-0.0-0.0,"['6e82ab61-3e9b-44ed-94f5-d85668628ea5', '680b54c2-f020-44f0-98a2-d8c0a41da056']","['participant', 'robot']","['hour-glass', 'ghost']","['hsla(18, 67%, 52%, 1.0)', 'hsla(78, 58%, 59%, 1.0)']","[[1.0, 0.43970893970893976], [0.43970893970893976, 1.0]]","{0: '', 1: 'A', 2: 'B'}",,1,after,"[True, False]","{'max': 21, 'min': 21, 'avg': 21.0, 'root': 12}","[-10, 0]","[133, 137]",sequential,chance,chance,"[1.0, 1.0]","[0.5, 1.0]","[0.5, 1.0]","[0.5, 1.0]","[0.375, 0.0]","[0.625, 0.0]",[[0]],[[1]],[[2]],"(0, 12)","(12, 21)","(12, 21)",{},{},{},"['A', 'B']",[],[],0,0,4,5,4,5,A,,,,,,,B,,,,,"{'rtype': 'select-node', 'rtimedn': 23.803, 'rtimeup': 23.803}",,,,,,,"{'rtype': 'a', 'rtimedn': 1.76, 'rtimeup': 2.162}",,,,
game_trees,"{'preselected': True, 'trees_list': ['BDG-000-1111', 'BDG-001-1112', 'BDG-002-1113', 'BDG-003-1114', 'BDG-004-1115', 'BDG-005-1121', 'BDG-006-1122', 'BDG-007-1123', 'BDG-008-1124', 'BDG-009-1125', 'BDG-010-1131', 'BDG-011-1132', 'BDG-012-1133', 'BDG-013-1134', 'BDG-014-1135', 'BDG-015-1141', 'BDG-016-1142', 'BDG-017-1143', 'BDG-018-1144', 'BDG-019-1145', 'BDG-020-1151', 'BDG-021-1152', 'BDG-022-1153', 'BDG-023-1154', 'BDG-024-1155', 'BDG-025-1211', 'BDG-026-1212', 'BDG-027-1213', 'BDG-028-1214', 'BDG-029-1215', 'BDG-030-1221', 'BDG-031-1222', 'BDG-032-1223', 'BDG-033-1224', 'BDG-034-1225', 'BDG-035-1231', 'BDG-036-1232', 'BDG-037-1233', 'BDG-038-1234', 'BDG-039-1235', 'BDG-040-1241', 'BDG-041-1242', 'BDG-042-1243', 'BDG-043-1244', 'BDG-044-1245', 'BDG-045-1251', 'BDG-046-1252', 'BDG-047-1253', 'BDG-048-1254', 'BDG-049-1255', 'BDG-050-1311', 'BDG-051-1312', 'BDG-052-1313', 'BDG-053-1314', 'BDG-054-1315', 'BDG-055-1321', 'BDG-056-1322', 'BDG-057-1323', 'BDG-058-1324', 'BDG-059-1325', 'BDG-060-1331', 'BDG-061-1332', 'BDG-062-1333', 'BDG-063-1334', 'BDG-064-1335', 'BDG-065-1341', 'BDG-066-1342', 'BDG-067-1343', 'BDG-068-1344', 'BDG-069-1345', 'BDG-070-1351', 'BDG-071-1352', 'BDG-072-1353', 'BDG-073-1354', 'BDG-074-1355', 'BDG-075-1411', 'BDG-076-1412', 'BDG-077-1413', 'BDG-078-1414', 'BDG-079-1415', 'BDG-080-1421', 'BDG-081-1422', 'BDG-082-1423', 'BDG-083-1424', 'BDG-084-1425', 'BDG-085-1431', 'BDG-086-1432', 'BDG-087-1433', 'BDG-088-1434', 'BDG-089-1435', 'BDG-090-1441', 'BDG-091-1442', 'BDG-092-1443', 'BDG-093-1444', 'BDG-094-1445', 'BDG-095-1451', 'BDG-096-1452', 'BDG-097-1453', 'BDG-098-1454', 'BDG-099-1455', 'BDG-100-1511', 'BDG-101-1512', 'BDG-102-1513', 'BDG-103-1514', 'BDG-104-1515', 'BDG-105-1521', 'BDG-106-1522', 'BDG-107-1523', 'BDG-108-1524', 'BDG-109-1525', 'BDG-110-1531', 'BDG-111-1532', 'BDG-112-1533', 'BDG-113-1534', 'BDG-114-1535', 'BDG-115-1541', 'BDG-116-1542', 'BDG-117-1543', 'BDG-118-1544', 'BDG-119-1545', 'BDG-120-1551', 'BDG-121-1552', 'BDG-122-1553', 'BDG-123-1554', 'BDG-124-1555', 'BDG-125-2111', 'BDG-126-2112', 'BDG-127-2113', 'BDG-128-2114', 'BDG-129-2115', 'BDG-130-2121', 'BDG-131-2122', 'BDG-132-2123', 'BDG-133-2124', 'BDG-134-2125', 'BDG-135-2131', 'BDG-136-2132', 'BDG-137-2133', 'BDG-138-2134', 'BDG-139-2135', 'BDG-140-2141', 'BDG-141-2142', 'BDG-142-2143', 'BDG-143-2144', 'BDG-144-2145', 'BDG-145-2151', 'BDG-146-2152', 'BDG-147-2153', 'BDG-148-2154', 'BDG-149-2155', 'BDG-150-2211', 'BDG-151-2212', 'BDG-152-2213', 'BDG-153-2214', 'BDG-154-2215', 'BDG-155-2221', 'BDG-156-2222', 'BDG-157-2223', 'BDG-158-2224', 'BDG-159-2225', 'BDG-160-2231', 'BDG-161-2232', 'BDG-162-2233', 'BDG-163-2234', 'BDG-164-2235', 'BDG-165-2241', 'BDG-166-2242', 'BDG-167-2243', 'BDG-168-2244', 'BDG-169-2245', 'BDG-170-2251', 'BDG-171-2252', 'BDG-172-2253', 'BDG-173-2254', 'BDG-174-2255', 'BDG-175-2311', 'BDG-176-2312', 'BDG-177-2313', 'BDG-178-2314', 'BDG-179-2315', 'BDG-180-2321', 'BDG-181-2322', 'BDG-182-2323', 'BDG-183-2324', 'BDG-184-2325', 'BDG-185-2331', 'BDG-186-2332', 'BDG-187-2333', 'BDG-188-2334', 'BDG-189-2335', 'BDG-190-2341', 'BDG-191-2342', 'BDG-192-2343', 'BDG-193-2344', 'BDG-194-2345', 'BDG-195-2351', 'BDG-196-2352', 'BDG-197-2353', 'BDG-198-2354', 'BDG-199-2355', 'BDG-200-2411', 'BDG-201-2412', 'BDG-202-2413', 'BDG-203-2414', 'BDG-204-2415', 'BDG-205-2421', 'BDG-206-2422', 'BDG-207-2423', 'BDG-208-2424', 'BDG-209-2425', 'BDG-210-2431', 'BDG-211-2432', 'BDG-212-2433', 'BDG-213-2434', 'BDG-214-2435', 'BDG-215-2441', 'BDG-216-2442', 'BDG-217-2443', 'BDG-218-2444', 'BDG-219-2445', 'BDG-220-2451', 'BDG-221-2452', 'BDG-222-2453', 'BDG-223-2454', 'BDG-224-2455', 'BDG-225-2511', 'BDG-226-2512', 'BDG-227-2513', 'BDG-228-2514', 'BDG-229-2515', 'BDG-230-2521', 'BDG-231-2522', 'BDG-232-2523', 'BDG-233-2524', 'BDG-234-2525', 'BDG-235-2531', 'BDG-236-2532', 'BDG-237-2533', 'BDG-238-2534', 'BDG-239-2535', 'BDG-240-2541', 'BDG-241-2542', 'BDG-242-2543', 'BDG-243-2544', 'BDG-244-2545', 'BDG-245-2551', 'BDG-246-2552', 'BDG-247-2553', 'BDG-248-2554', 'BDG-249-2555', 'BDG-250-3111', 'BDG-251-3112', 'BDG-252-3113', 'BDG-253-3114', 'BDG-254-3115', 'BDG-255-3121', 'BDG-256-3122', 'BDG-257-3123', 'BDG-258-3124', 'BDG-259-3125', 'BDG-260-3131', 'BDG-261-3132', 'BDG-262-3133', 'BDG-263-3134', 'BDG-264-3135', 'BDG-265-3141', 'BDG-266-3142', 'BDG-267-3143', 'BDG-268-3144', 'BDG-269-3145', 'BDG-270-3151', 'BDG-271-3152', 'BDG-272-3153', 'BDG-273-3154', 'BDG-274-3155', 'BDG-275-3211', 'BDG-276-3212', 'BDG-277-3213', 'BDG-278-3214', 'BDG-279-3215', 'BDG-280-3221', 'BDG-281-3222', 'BDG-282-3223', 'BDG-283-3224', 'BDG-284-3225', 'BDG-285-3231', 'BDG-286-3232', 'BDG-287-3233', 'BDG-288-3234', 'BDG-289-3235', 'BDG-290-3241', 'BDG-291-3242', 'BDG-292-3243', 'BDG-293-3244', 'BDG-294-3245', 'BDG-295-3251', 'BDG-296-3252', 'BDG-297-3253', 'BDG-298-3254', 'BDG-299-3255', 'BDG-300-3311', 'BDG-301-3312', 'BDG-302-3313', 'BDG-303-3314', 'BDG-304-3315', 'BDG-305-3321', 'BDG-306-3322', 'BDG-307-3323', 'BDG-308-3324', 'BDG-309-3325', 'BDG-310-3331', 'BDG-311-3332', 'BDG-312-3333', 'BDG-313-3334', 'BDG-314-3335', 'BDG-315-3341', 'BDG-316-3342', 'BDG-317-3343', 'BDG-318-3344', 'BDG-319-3345', 'BDG-320-3351', 'BDG-321-3352', 'BDG-322-3353', 'BDG-323-3354', 'BDG-324-3355', 'BDG-325-3411', 'BDG-326-3412', 'BDG-327-3413', 'BDG-328-3414', 'BDG-329-3415', 'BDG-330-3421', 'BDG-331-3422', 'BDG-332-3423', 'BDG-333-3424', 'BDG-334-3425', 'BDG-335-3431', 'BDG-336-3432', 'BDG-337-3433', 'BDG-338-3434', 'BDG-339-3435', 'BDG-340-3441', 'BDG-341-3442', 'BDG-342-3443', 'BDG-343-3444', 'BDG-344-3445', 'BDG-345-3451', 'BDG-346-3452', 'BDG-347-3453', 'BDG-348-3454', 'BDG-349-3455', 'BDG-350-3511', 'BDG-351-3512', 'BDG-352-3513', 'BDG-353-3514', 'BDG-354-3515', 'BDG-355-3521', 'BDG-356-3522', 'BDG-357-3523', 'BDG-358-3524', 'BDG-359-3525', 'BDG-360-3531', 'BDG-361-3532', 'BDG-362-3533', 'BDG-363-3534', 'BDG-364-3535', 'BDG-365-3541', 'BDG-366-3542', 'BDG-367-3543', 'BDG-368-3544', 'BDG-369-3545', 'BDG-370-3551', 'BDG-371-3552', 'BDG-372-3553', 'BDG-373-3554', 'BDG-374-3555', 'BDG-375-4111', 'BDG-376-4112', 'BDG-377-4113', 'BDG-378-4114', 'BDG-379-4115', 'BDG-380-4121', 'BDG-381-4122', 'BDG-382-4123', 'BDG-383-4124', 'BDG-384-4125', 'BDG-385-4131', 'BDG-386-4132', 'BDG-387-4133', 'BDG-388-4134', 'BDG-389-4135', 'BDG-390-4141', 'BDG-391-4142', 'BDG-392-4143', 'BDG-393-4144', 'BDG-394-4145', 'BDG-395-4151', 'BDG-396-4152', 'BDG-397-4153', 'BDG-398-4154', 'BDG-399-4155', 'BDG-400-4211', 'BDG-401-4212', 'BDG-402-4213', 'BDG-403-4214', 'BDG-404-4215', 'BDG-405-4221', 'BDG-406-4222', 'BDG-407-4223', 'BDG-408-4224', 'BDG-409-4225', 'BDG-410-4231', 'BDG-411-4232', 'BDG-412-4233', 'BDG-413-4234', 'BDG-414-4235', 'BDG-415-4241', 'BDG-416-4242', 'BDG-417-4243', 'BDG-418-4244', 'BDG-419-4245', 'BDG-420-4251', 'BDG-421-4252', 'BDG-422-4253', 'BDG-423-4254', 'BDG-424-4255', 'BDG-425-4311', 'BDG-426-4312', 'BDG-427-4313', 'BDG-428-4314', 'BDG-429-4315', 'BDG-430-4321', 'BDG-431-4322', 'BDG-432-4323', 'BDG-433-4324', 'BDG-434-4325', 'BDG-435-4331', 'BDG-436-4332', 'BDG-437-4333', 'BDG-438-4334', 'BDG-439-4335', 'BDG-440-4341', 'BDG-441-4342', 'BDG-442-4343', 'BDG-443-4344', 'BDG-444-4345', 'BDG-445-4351', 'BDG-446-4352', 'BDG-447-4353', 'BDG-448-4354', 'BDG-449-4355', 'BDG-450-4411', 'BDG-451-4412', 'BDG-452-4413', 'BDG-453-4414', 'BDG-454-4415', 'BDG-455-4421', 'BDG-456-4422', 'BDG-457-4423', 'BDG-458-4424', 'BDG-459-4425', 'BDG-460-4431', 'BDG-461-4432', 'BDG-462-4433', 'BDG-463-4434', 'BDG-464-4435', 'BDG-465-4441', 'BDG-466-4442', 'BDG-467-4443', 'BDG-468-4444', 'BDG-469-4445', 'BDG-470-4451', 'BDG-471-4452', 'BDG-472-4453', 'BDG-473-4454', 'BDG-474-4455', 'BDG-475-4511', 'BDG-476-4512', 'BDG-477-4513', 'BDG-478-4514', 'BDG-479-4515', 'BDG-480-4521', 'BDG-481-4522', 'BDG-482-4523', 'BDG-483-4524', 'BDG-484-4525', 'BDG-485-4531', 'BDG-486-4532', 'BDG-487-4533', 'BDG-488-4534', 'BDG-489-4535', 'BDG-490-4541', 'BDG-491-4542', 'BDG-492-4543', 'BDG-493-4544', 'BDG-494-4545', 'BDG-495-4551', 'BDG-496-4552', 'BDG-497-4553', 'BDG-498-4554', 'BDG-499-4555', 'BDG-500-5111', 'BDG-501-5112', 'BDG-502-5113', 'BDG-503-5114', 'BDG-504-5115', 'BDG-505-5121', 'BDG-506-5122', 'BDG-507-5123', 'BDG-508-5124', 'BDG-509-5125', 'BDG-510-5131', 'BDG-511-5132', 'BDG-512-5133', 'BDG-513-5134', 'BDG-514-5135', 'BDG-515-5141', 'BDG-516-5142', 'BDG-517-5143', 'BDG-518-5144', 'BDG-519-5145', 'BDG-520-5151', 'BDG-521-5152', 'BDG-522-5153', 'BDG-523-5154', 'BDG-524-5155', 'BDG-525-5211', 'BDG-526-5212', 'BDG-527-5213', 'BDG-528-5214', 'BDG-529-5215', 'BDG-530-5221', 'BDG-531-5222', 'BDG-532-5223', 'BDG-533-5224', 'BDG-534-5225', 'BDG-535-5231', 'BDG-536-5232', 'BDG-537-5233', 'BDG-538-5234', 'BDG-539-5235', 'BDG-540-5241', 'BDG-541-5242', 'BDG-542-5243', 'BDG-543-5244', 'BDG-544-5245', 'BDG-545-5251', 'BDG-546-5252', 'BDG-547-5253', 'BDG-548-5254', 'BDG-549-5255', 'BDG-550-5311', 'BDG-551-5312', 'BDG-552-5313', 'BDG-553-5314', 'BDG-554-5315', 'BDG-555-5321', 'BDG-556-5322', 'BDG-557-5323', 'BDG-558-5324', 'BDG-559-5325', 'BDG-560-5331', 'BDG-561-5332', 'BDG-562-5333', 'BDG-563-5334', 'BDG-564-5335', 'BDG-565-5341', 'BDG-566-5342', 'BDG-567-5343', 'BDG-568-5344', 'BDG-569-5345', 'BDG-570-5351', 'BDG-571-5352', 'BDG-572-5353', 'BDG-573-5354', 'BDG-574-5355', 'BDG-575-5411', 'BDG-576-5412', 'BDG-577-5413', 'BDG-578-5414', 'BDG-579-5415', 'BDG-580-5421', 'BDG-581-5422', 'BDG-582-5423', 'BDG-583-5424', 'BDG-584-5425', 'BDG-585-5431', 'BDG-586-5432', 'BDG-587-5433', 'BDG-588-5434', 'BDG-589-5435', 'BDG-590-5441', 'BDG-591-5442', 'BDG-592-5443', 'BDG-593-5444', 'BDG-594-5445', 'BDG-595-5451', 'BDG-596-5452', 'BDG-597-5453', 'BDG-598-5454', 'BDG-599-5455', 'BDG-600-5511', 'BDG-601-5512', 'BDG-602-5513', 'BDG-603-5514', 'BDG-604-5515', 'BDG-605-5521', 'BDG-606-5522', 'BDG-607-5523', 'BDG-608-5524', 'BDG-609-5525', 'BDG-610-5531', 'BDG-611-5532', 'BDG-612-5533', 'BDG-613-5534', 'BDG-614-5535', 'BDG-615-5541', 'BDG-616-5542', 'BDG-617-5543', 'BDG-618-5544', 'BDG-619-5545', 'BDG-620-5551', 'BDG-621-5552', 'BDG-622-5553', 'BDG-623-5554', 'BDG-624-5555']}",2,1,1,1732648756,BDG-233-2524,TREE-1.2-0.0-0.0,"['3c48f1f3-63f8-4276-b96c-fc478c875973', 'bf3de0a4-d976-479b-b106-0fe02de0903b']","['participant', 'participant']","['round-square', 'hour-glass']","['hsla(196, 92%, 41%, 1.0)', 'hsla(268, 51%, 62%, 1.0)']","[[1.0, 0.43970893970893976], [0.43970893970893976, 1.0]]","{0: '', 1: 'A', 2: 'B'}",,2,after,"[False, False]","{'max': 21, 'min': 21, 'avg': 21.0, 'root': 12}","[0, 0]","[135, 128]",sequential,chance,chance,"[1.0, 1.0]","[0.5, 1.0]","[0.5, 1.0]","[0.5, 1.0]","[0.625, 0.0]","[0.375, 0.0]",[[0]],[[1]],[[2]],"(0, 12)","(12, 21)","(12, 21)",{},{},{},"['A', 'B']",[],[],0,0,2,5,2,4,B,,,,,,,A,,,,,"{'rtype': 'select-node', 'rtimedn': 8.334, 'rtimeup': 8.334}",,,,,,,"{'rtype': 'select-node', 'rtimedn': 4.656, 'rtimeup': 4.656}",,,,
group_size,"{'distribution': [0, 1, 0, 0], 'apply': True}",3,0,1,1732648764,BDG-520-5151,TREE-1.2-0.0-0.0,"['680b54c2-f020-44f0-98a2-d8c0a41da056', '6e82ab61-3e9b-44ed-94f5-d85668628ea5']","['robot', 'participant']","['ghost', 'hour-glass']","['hsla(78, 58%, 59%, 1.0)', 'hsla(18, 67%, 52%, 1.0)']","[[1.0, 0.43970893970893976], [0.43970893970893976, 1.0]]","{0: '', 1: 'A', 2: 'B'}",,1,after,"[False, True]","{'max': 21, 'min': 21, 'avg': 21.0, 'root': 12}","[0, -10]","[137, 133]",sequential,chance,chance,"[1.0, 1.0]","[0.5, 1.0]","[0.5, 1.0]","[0.5, 1.0]","[0.375, 0.0]","[0.625, 0.0]",[[0]],[[1]],[[2]],"(0, 12)","(12, 21)","(12, 21)",{},{},{},"['A', 'B']",[],[],0,0,5,1,5,1,A,,,,,,,B,,,,,"{'rtype': 'd', 'rtimedn': 0.569, 'rtimeup': 1.725}",,,,,,,"{'rtype': 'select-node', 'rtimedn': 24.92, 'rtimeup': 24.92}",,,,
robots,"{'self_value': {'apply': True, 'distribution_type': 'point', 'interval': [1, 1], 'coefficients': [1, 1]}, 'other_value': {'apply': True, 'distribution_type': 'point', 'interval': [0, 0], 'coefficients': [0, 1]}, 'normal_envy': {'apply': True, 'distribution_type': 'point', 'interval': [0, 0], 'coefficients': [0, 1]}, 'reverse_envy': {'apply': True, 'distribution_type': 'point', 'interval': [0, 0], 'coefficients': [0, 1]}, 'risk_preference': {'apply': True, 'distribution_type': 'point', 'interval': [0, 0], 'coefficients': [0, 1]}, 'loss_preference': {'apply': True, 'distribution_type': 'point', 'interval': [0, 0], 'coefficients': [0, 1]}, 'reasoning_depth': {'apply': True, 'distribution_type': 'point', 'interval': [3, 3], 'coefficients': [3, 1]}, 'time_discount': {'apply': True, 'distribution_type': 'point', 'interval': [0, 0], 'coefficients': [0, 1]}, 'reaction_time': {'apply': True, 'distribution_type': 'uniform', 'interval': [0, 1], 'coefficients': [1, 1]}}",3,1,1,1732648767,BDG-373-3554,TREE-1.2-0.0-0.0,"['3c48f1f3-63f8-4276-b96c-fc478c875973', 'bf3de0a4-d976-479b-b106-0fe02de0903b']","['participant', 'participant']","['round-square', 'hour-glass']","['hsla(196, 92%, 41%, 1.0)', 'hsla(268, 51%, 62%, 1.0)']","[[1.0, 0.43970893970893976], [0.43970893970893976, 1.0]]","{0: '', 1: 'A', 2: 'B'}",,2,after,"[False, False]","{'max': 21, 'min': 21, 'avg': 21.0, 'root': 12}","[0, 0]","[135, 128]",sequential,chance,chance,"[1.0, 1.0]","[0.5, 1.0]","[0.5, 1.0]","[0.5, 1.0]","[0.625, 0.0]","[0.375, 0.0]",[[0]],[[1]],[[2]],"(0, 12)","(12, 21)","(12, 21)",{},{},{},"['A', 'B']",[],[],0,0,3,5,5,4,B,,,,,,,B,,,,,"{'rtype': 'select-node', 'rtimedn': 9.567, 'rtimeup': 9.567}",,,,,,,"{'rtype': 'select-node', 'rtimedn': 5.744, 'rtimeup': 5.744}",,,,
truthfulness,"{'apply': True, 'distribution_type': 'uniform', 'interval': [0, 1], 'coefficients': [1, 1]}",4,0,1,1732648777,BDG-344-3445,TREE-1.2-0.0-0.0,"['bf3de0a4-d976-479b-b106-0fe02de0903b', '6e82ab61-3e9b-44ed-94f5-d85668628ea5']","['participant', 'participant']","['hour-glass', 'hour-glass']","['hsla(268, 51%, 62%, 1.0)', 'hsla(18, 67%, 52%, 1.0)']","[[1.0, 0.3284823284823285], [0.3284823284823285, 1.0]]","{0: '', 1: 'A', 2: 'B'}",,2,after,"[False, True]","{'max': 21, 'min': 21, 'avg': 21.0, 'root': 12}","[0, -10]","[128, 133]",sequential,chance,chance,"[1.0, 1.0]","[0.5, 1.0]","[0.5, 1.0]","[0.5, 1.0]","[0.375, 0.0]","[0.625, 0.0]",[[0]],[[1]],[[2]],"(0, 12)","(12, 21)","(12, 21)",{},{},{},"['A', 'B']",[],[],0,0,3,4,4,5,B,,,,,,,B,,,,,"{'rtype': 'select-node', 'rtimedn': 6.701, 'rtimeup': 6.701}",,,,,,,"{'rtype': 'select-node', 'rtimedn': 26.08, 'rtimeup': 26.08}",,,,
complexity,"{'apply': True, 'distribution_type': 'uniform', 'interval': [0, 1], 'coefficients': [1, 1]}",4,1,1,1732648775,BDG-328-3414,TREE-1.2-0.0-0.0,"['3c48f1f3-63f8-4276-b96c-fc478c875973', '680b54c2-f020-44f0-98a2-d8c0a41da056']","['participant', 'robot']","['round-square', 'ghost']","['hsla(196, 92%, 41%, 1.0)', 'hsla(78, 58%, 59%, 1.0)']","[[1.0, 0.3284823284823285], [0.3284823284823285, 1.0]]","{0: '', 1: 'A', 2: 'B'}",,1,after,"[False, False]","{'max': 21, 'min': 21, 'avg': 21.0, 'root': 12}","[0, 0]","[135, 137]",sequential,chance,chance,"[1.0, 1.0]","[0.5, 1.0]","[0.5, 1.0]","[0.5, 1.0]","[0.375, 0.0]","[0.625, 0.0]",[[0]],[[1]],[[2]],"(0, 12)","(12, 21)","(12, 21)",{},{},{},"['A', 'B']",[],[],0,0,3,4,1,4,A,,,,,,,A,,,,,"{'rtype': 'select-node', 'rtimedn': 10.648, 'rtimeup': 10.648}",,,,,,,"{'rtype': 'a', 'rtimedn': 1.266, 'rtimeup': 1.502}",,,,
agency,"{'apply': True, 'distribution_type': 'uniform', 'interval': [0, 1], 'coefficients': [1, 1]}",5,0,1,1732648786,BDG-214-2435,TREE-1.2-0.0-0.0,"['6e82ab61-3e9b-44ed-94f5-d85668628ea5', '680b54c2-f020-44f0-98a2-d8c0a41da056']","['participant', 'robot']","['hour-glass', 'ghost']","['hsla(18, 67%, 52%, 1.0)', 'hsla(78, 58%, 59%, 1.0)']","[[1.0, 0.43970893970893976], [0.43970893970893976, 1.0]]","{0: '', 1: 'A', 2: 'B'}",,2,after,"[True, False]","{'max': 21, 'min': 21, 'avg': 21.0, 'root': 12}","[-10, 0]","[133, 137]",sequential,chance,chance,"[1.0, 1.0]","[0.5, 1.0]","[0.5, 1.0]","[0.5, 1.0]","[0.375, 0.0]","[0.625, 0.0]",[[0]],[[1]],[[2]],"(0, 12)","(12, 21)","(12, 21)",{},{},{},"['A', 'B']",[],[],0,0,2,4,3,5,B,,,,,,,B,,,,,"{'rtype': 'select-node', 'rtimedn': 27.182, 'rtimeup': 27.182}",,,,,,,"{'rtype': 'a', 'rtimedn': 1.166, 'rtimeup': 3.106}",,,,
base_url,https://yourschool.sona-systems.com/webstudy_credit.aspx,5,1,1,1732648788,BDG-402-4213,TREE-1.2-0.0-0.0,"['3c48f1f3-63f8-4276-b96c-fc478c875973', 'bf3de0a4-d976-479b-b106-0fe02de0903b']","['participant', 'participant']","['round-square', 'hour-glass']","['hsla(196, 92%, 41%, 1.0)', 'hsla(268, 51%, 62%, 1.0)']","[[1.0, 0.43970893970893976], [0.43970893970893976, 1.0]]","{0: '', 1: 'A', 2: 'B'}",,2,after,"[False, False]","{'max': 21, 'min': 21, 'avg': 21.0, 'root': 12}","[0, 0]","[135, 128]",sequential,chance,chance,"[1.0, 1.0]","[0.5, 1.0]","[0.5, 1.0]","[0.5, 1.0]","[0.375, 0.0]","[0.625, 0.0]",[[0]],[[1]],[[2]],"(0, 12)","(12, 21)","(12, 21)",{},{},{},"['A', 'B']",[],[],0,0,4,2,1,3,B,,,,,,,A,,,,,"{'rtype': 'select-node', 'rtimedn': 11.577, 'rtimeup': 11.577}",,,,,,,"{'rtype': 'select-node', 'rtimedn': 7.847, 'rtimeup': 7.847}",,,,
instructions,['No additional instructions.'],6,0,1,1732648796,BDG-483-4524,TREE-1.2-0.0-0.0,"['3c48f1f3-63f8-4276-b96c-fc478c875973', '680b54c2-f020-44f0-98a2-d8c0a41da056']","['participant', 'robot']","['round-square', 'ghost']","['hsla(196, 92%, 41%, 1.0)', 'hsla(78, 58%, 59%, 1.0)']","[[1.0, 0.3284823284823285], [0.3284823284823285, 1.0]]","{0: '', 1: 'A', 2: 'B'}",,1,after,"[True, False]","{'max': 21, 'min': 21, 'avg': 21.0, 'root': 12}","[-10, 0]","[135, 137]",sequential,chance,chance,"[1.0, 1.0]","[0.5, 1.0]","[0.5, 1.0]","[0.5, 1.0]","[0.625, 0.0]","[0.375, 0.0]",[[0]],[[1]],[[2]],"(0, 12)","(12, 21)","(12, 21)",{},{},{},"['A', 'B']",[],[],0,0,4,5,2,4,A,,,,,,,A,,,,,"{'rtype': 'select-node', 'rtimedn': 12.763, 'rtimeup': 12.763}",,,,,,,"{'rtype': 'a', 'rtimedn': 2.455, 'rtimeup': 3.339}",,,,
consent,"['UNIVERSITY OF MICHIGAN', 'CONSENT TO BE PART OF A RESEARCH STUDY HUM00243214', 'Platform Title: The Morality Game', 'Platform Creator: Gregory Stanley, Ph.D. Candidate, University of Michigan', 'Faculty Advisor: Jun Zhang, Professor of Psychology, University of Michigan', 'Thank you for your interest in participating in this experiment.  This is an unpaid experiment.  You will receive credit for 1 hour of Subject Pool participation.  Please be ready for 1 hour of continuous participation.  If you are inactive for over 2 minutes, the system will automatically eject you from the experiment.  Your counterparts are human participants, unless they drop out of the experiment, in which case they will be replaced by artificial agents.  Please feel free to contact me, Greg, at (714) 454-0435 if you have any questions.  All other information relevant to your consent was covered by the platform general-consent form in the tutorial.  You must be 18 years of age or older to participate in this study.', '']",6,1,1,1732648798,BDG-543-5244,TREE-1.2-0.0-0.0,"['6e82ab61-3e9b-44ed-94f5-d85668628ea5', 'bf3de0a4-d976-479b-b106-0fe02de0903b']","['participant', 'participant']","['hour-glass', 'hour-glass']","['hsla(18, 67%, 52%, 1.0)', 'hsla(268, 51%, 62%, 1.0)']","[[1.0, 0.3284823284823285], [0.3284823284823285, 1.0]]","{0: '', 1: 'A', 2: 'B'}",,2,after,"[True, False]","{'max': 21, 'min': 21, 'avg': 21.0, 'root': 12}","[-10, 0]","[133, 128]",sequential,chance,chance,"[1.0, 1.0]","[0.5, 1.0]","[0.5, 1.0]","[0.5, 1.0]","[0.625, 0.0]","[0.375, 0.0]",[[0]],[[1]],[[2]],"(0, 12)","(12, 21)","(12, 21)",{},{},{},"['A', 'B']",[],[],0,0,5,2,4,4,B,,,,,,,B,,,,,"{'rtype': 'select-node', 'rtimedn': 28.128, 'rtimeup': 28.128}",,,,,,,"{'rtype': 'select-node', 'rtimedn': 8.847, 'rtimeup': 8.847}",,,,
experiment_code,eGfzR5QoOZLq,7,0,1,1732648810,BDG-533-5224,TREE-1.2-0.0-0.0,"['680b54c2-f020-44f0-98a2-d8c0a41da056', 'bf3de0a4-d976-479b-b106-0fe02de0903b']","['robot', 'participant']","['ghost', 'hour-glass']","['hsla(78, 58%, 59%, 1.0)', 'hsla(268, 51%, 62%, 1.0)']","[[1.0, 0.23180873180873182], [0.23180873180873182, 1.0]]","{0: '', 1: 'A', 2: 'B'}",,1,after,"[False, False]","{'max': 21, 'min': 21, 'avg': 21.0, 'root': 12}","[0, 0]","[137, 128]",sequential,chance,chance,"[1.0, 1.0]","[0.5, 1.0]","[0.5, 1.0]","[0.5, 1.0]","[0.625, 0.0]","[0.375, 0.0]",[[0]],[[1]],[[2]],"(0, 12)","(12, 21)","(12, 21)",{},{},{},"['A', 'B']",[],[],0,0,5,2,2,4,A,,,,,,,A,,,,,"{'rtype': 'a', 'rtimedn': 6.717, 'rtimeup': 8.165}",,,,,,,"{'rtype': 'select-node', 'rtimedn': 10.071, 'rtimeup': 10.071}",,,,
experiment_type,pilot,7,1,1,1732648807,BDG-104-1515,TREE-1.2-0.0-0.0,"['3c48f1f3-63f8-4276-b96c-fc478c875973', '6e82ab61-3e9b-44ed-94f5-d85668628ea5']","['participant', 'participant']","['round-square', 'hour-glass']","['hsla(196, 92%, 41%, 1.0)', 'hsla(18, 67%, 52%, 1.0)']","[[1.0, 0.23180873180873182], [0.23180873180873182, 1.0]]","{0: '', 1: 'A', 2: 'B'}",,2,after,"[True, True]","{'max': 21, 'min': 21, 'avg': 21.0, 'root': 12}","[-10, -10]","[135, 133]",sequential,chance,chance,"[1.0, 1.0]","[0.5, 1.0]","[0.5, 1.0]","[0.5, 1.0]","[0.625, 0.0]","[0.375, 0.0]",[[0]],[[1]],[[2]],"(0, 12)","(12, 21)","(12, 21)",{},{},{},"['A', 'B']",[],[],0,0,1,5,1,5,B,,,,,,,B,,,,,"{'rtype': 'select-node', 'rtimedn': 13.859, 'rtimeup': 13.859}",,,,,,,"{'rtype': 'select-node', 'rtimedn': 29.088, 'rtimeup': 29.088}",,,,
status,open,8,0,1,1732648817,BDG-424-4255,TREE-1.2-0.0-0.0,"['6e82ab61-3e9b-44ed-94f5-d85668628ea5', '680b54c2-f020-44f0-98a2-d8c0a41da056']","['participant', 'robot']","['hour-glass', 'ghost']","['hsla(18, 67%, 52%, 1.0)', 'hsla(78, 58%, 59%, 1.0)']","[[1.0, 0.43970893970893976], [0.43970893970893976, 1.0]]","{0: '', 1: 'A', 2: 'B'}",,2,after,"[True, False]","{'max': 21, 'min': 21, 'avg': 21.0, 'root': 12}","[-10, 0]","[133, 137]",sequential,chance,chance,"[1.0, 1.0]","[0.5, 1.0]","[0.5, 1.0]","[0.5, 1.0]","[0.375, 0.0]","[0.625, 0.0]",[[0]],[[1]],[[2]],"(0, 12)","(12, 21)","(12, 21)",{},{},{},"['A', 'B']",[],[],0,0,4,2,5,5,B,,,,,,,B,,,,,"{'rtype': 'select-node', 'rtimedn': 30.311, 'rtimeup': 30.311}",,,,,,,"{'rtype': 'a', 'rtimedn': 4.2, 'rtimeup': 5.598}",,,,
start_date,2024-11-26-14:17,8,1,1,1732648824,BDG-392-4143,TREE-1.2-0.0-0.0,"['3c48f1f3-63f8-4276-b96c-fc478c875973', 'bf3de0a4-d976-479b-b106-0fe02de0903b']","['participant', 'participant']","['round-square', 'hour-glass']","['hsla(196, 92%, 41%, 1.0)', 'hsla(268, 51%, 62%, 1.0)']","[[1.0, 0.43970893970893976], [0.43970893970893976, 1.0]]","{0: '', 1: 'A', 2: 'B'}",,2,after,"[True, False]","{'max': 21, 'min': 21, 'avg': 21.0, 'root': 12}","[-10, 0]","[135, 128]",sequential,chance,chance,"[1.0, 1.0]","[0.5, 1.0]","[0.5, 1.0]","[0.5, 1.0]","[0.375, 0.0]","[0.625, 0.0]",[[0]],[[1]],[[2]],"(0, 12)","(12, 21)","(12, 21)",{},{},{},"['A', 'B']",[],[],0,0,4,1,4,3,B,,,,,,,B,,,,,"{'rtype': 'select-node', 'rtimedn': 14.989, 'rtimeup': 14.989}",,,,,,,"{'rtype': 'select-node', 'rtimedn': 11.449, 'rtimeup': 11.449}",,,,
experimenter_uuid,90427df1-2b1e-4653-9e04-f86c9e4bfa2c,9,0,1,1732648831,BDG-428-4314,TREE-1.2-0.0-0.0,"['6e82ab61-3e9b-44ed-94f5-d85668628ea5', '680b54c2-f020-44f0-98a2-d8c0a41da056']","['participant', 'robot']","['hour-glass', 'ghost']","['hsla(18, 67%, 52%, 1.0)', 'hsla(78, 58%, 59%, 1.0)']","[[1.0, 0.43970893970893976], [0.43970893970893976, 1.0]]","{0: '', 1: 'A', 2: 'B'}",,1,after,"[True, False]","{'max': 21, 'min': 21, 'avg': 21.0, 'root': 12}","[-10, 0]","[133, 137]",sequential,chance,chance,"[1.0, 1.0]","[0.5, 1.0]","[0.5, 1.0]","[0.5, 1.0]","[0.625, 0.0]","[0.375, 0.0]",[[0]],[[1]],[[2]],"(0, 12)","(12, 21)","(12, 21)",{},{},{},"['A', 'B']",[],[],0,0,4,3,1,4,A,,,,,,,A,,,,,"{'rtype': 'select-node', 'rtimedn': 31.698, 'rtimeup': 31.698}",,,,,,,"{'rtype': 'a', 'rtimedn': 2.516, 'rtimeup': 3.712}",,,,
batches,"{'completed': 91, 'batch_study': True}",9,1,1,1732648832,BDG-306-3322,TREE-1.2-0.0-0.0,"['bf3de0a4-d976-479b-b106-0fe02de0903b', '3c48f1f3-63f8-4276-b96c-fc478c875973']","['participant', 'participant']","['hour-glass', 'round-square']","['hsla(268, 51%, 62%, 1.0)', 'hsla(196, 92%, 41%, 1.0)']","[[1.0, 0.43970893970893976], [0.43970893970893976, 1.0]]","{0: '', 1: 'A', 2: 'B'}",,1,after,"[True, True]","{'max': 21, 'min': 21, 'avg': 21.0, 'root': 12}","[-10, -10]","[128, 135]",sequential,chance,chance,"[1.0, 1.0]","[0.5, 1.0]","[0.5, 1.0]","[0.5, 1.0]","[0.625, 0.0]","[0.375, 0.0]",[[0]],[[1]],[[2]],"(0, 12)","(12, 21)","(12, 21)",{},{},{},"['A', 'B']",[],[],0,0,3,3,2,2,A,,,,,,,A,,,,,"{'rtype': 'select-node', 'rtimedn': 12.23, 'rtimeup': 12.23}",,,,,,,"{'rtype': 'select-node', 'rtimedn': 16.331, 'rtimeup': 16.331}",,,,
predetermined_trials,,10,0,1,1732648842,BDG-213-2434,TREE-1.2-0.0-0.0,"['680b54c2-f020-44f0-98a2-d8c0a41da056', 'bf3de0a4-d976-479b-b106-0fe02de0903b']","['robot', 'participant']","['ghost', 'hour-glass']","['hsla(78, 58%, 59%, 1.0)', 'hsla(268, 51%, 62%, 1.0)']","[[1.0, 0.23180873180873182], [0.23180873180873182, 1.0]]","{0: '', 1: 'A', 2: 'B'}",,2,after,"[False, True]","{'max': 21, 'min': 21, 'avg': 21.0, 'root': 12}","[0, -10]","[137, 128]",sequential,chance,chance,"[1.0, 1.0]","[0.5, 1.0]","[0.5, 1.0]","[0.5, 1.0]","[0.625, 0.0]","[0.375, 0.0]",[[0]],[[1]],[[2]],"(0, 12)","(12, 21)","(12, 21)",{},{},{},"['A', 'B']",[],[],0,0,2,4,3,4,B,,,,,,,B,,,,,"{'rtype': 'd', 'rtimedn': 5.389, 'rtimeup': 6.636}",,,,,,,"{'rtype': 'select-node', 'rtimedn': 13.224, 'rtimeup': 13.224}",,,,
,,10,1,1,1732648842,BDG-131-2122,TREE-1.2-0.0-0.0,"['6e82ab61-3e9b-44ed-94f5-d85668628ea5', '3c48f1f3-63f8-4276-b96c-fc478c875973']","['participant', 'participant']","['hour-glass', 'round-square']","['hsla(18, 67%, 52%, 1.0)', 'hsla(196, 92%, 41%, 1.0)']","[[1.0, 0.23180873180873182], [0.23180873180873182, 1.0]]","{0: '', 1: 'A', 2: 'B'}",,2,after,"[True, True]","{'max': 21, 'min': 21, 'avg': 21.0, 'root': 12}","[-10, -10]","[133, 135]",sequential,chance,chance,"[1.0, 1.0]","[0.5, 1.0]","[0.5, 1.0]","[0.5, 1.0]","[0.625, 0.0]","[0.375, 0.0]",[[0]],[[1]],[[2]],"(0, 12)","(12, 21)","(12, 21)",{},{},{},"['A', 'B']",[],[],0,0,2,1,2,2,B,,,,,,,B,,,,,"{'rtype': 'select-node', 'rtimedn': 32.531, 'rtimeup': 32.531}",,,,,,,"{'rtype': 'select-node', 'rtimedn': 17.348, 'rtimeup': 17.348}",,,,
,,11,0,1,1732648849,BDG-087-1433,TREE-1.2-0.0-0.0,"['3c48f1f3-63f8-4276-b96c-fc478c875973', '680b54c2-f020-44f0-98a2-d8c0a41da056']","['participant', 'robot']","['round-square', 'ghost']","['hsla(196, 92%, 41%, 1.0)', 'hsla(78, 58%, 59%, 1.0)']","[[1.0, 0.3284823284823285], [0.3284823284823285, 1.0]]","{0: '', 1: 'A', 2: 'B'}",,2,after,"[True, False]","{'max': 21, 'min': 21, 'avg': 21.0, 'root': 12}","[-10, 0]","[135, 137]",sequential,chance,chance,"[1.0, 1.0]","[0.5, 1.0]","[0.5, 1.0]","[0.5, 1.0]","[0.375, 0.0]","[0.625, 0.0]",[[0]],[[1]],[[2]],"(0, 12)","(12, 21)","(12, 21)",{},{},{},"['A', 'B']",[],[],0,0,1,4,3,3,B,,,,,,,B,,,,,"{'rtype': 'select-node', 'rtimedn': 18.114, 'rtimeup': 18.114}",,,,,,,"{'rtype': 'a', 'rtimedn': 2.321, 'rtimeup': 4.266}",,,,
,,11,1,1,1732648852,BDG-071-1352,TREE-1.2-0.0-0.0,"['bf3de0a4-d976-479b-b106-0fe02de0903b', '6e82ab61-3e9b-44ed-94f5-d85668628ea5']","['participant', 'participant']","['hour-glass', 'hour-glass']","['hsla(268, 51%, 62%, 1.0)', 'hsla(18, 67%, 52%, 1.0)']","[[1.0, 0.3284823284823285], [0.3284823284823285, 1.0]]","{0: '', 1: 'A', 2: 'B'}",,2,after,"[True, True]","{'max': 21, 'min': 21, 'avg': 21.0, 'root': 12}","[-10, -10]","[128, 133]",sequential,chance,chance,"[1.0, 1.0]","[0.5, 1.0]","[0.5, 1.0]","[0.5, 1.0]","[0.375, 0.0]","[0.625, 0.0]",[[0]],[[1]],[[2]],"(0, 12)","(12, 21)","(12, 21)",{},{},{},"['A', 'B']",[],[],0,0,1,3,5,2,B,,,,,,,B,,,,,"{'rtype': 'select-node', 'rtimedn': 14.257, 'rtimeup': 14.257}",,,,,,,"{'rtype': 'select-node', 'rtimedn': 33.506, 'rtimeup': 33.506}",,,,
,,12,0,1,1732648860,BDG-612-5533,TREE-1.2-0.0-0.0,"['6e82ab61-3e9b-44ed-94f5-d85668628ea5', '680b54c2-f020-44f0-98a2-d8c0a41da056']","['participant', 'robot']","['hour-glass', 'ghost']","['hsla(18, 67%, 52%, 1.0)', 'hsla(78, 58%, 59%, 1.0)']","[[1.0, 0.43970893970893976], [0.43970893970893976, 1.0]]","{0: '', 1: 'A', 2: 'B'}",,1,after,"[True, False]","{'max': 21, 'min': 21, 'avg': 21.0, 'root': 12}","[-10, 0]","[133, 137]",sequential,chance,chance,"[1.0, 1.0]","[0.5, 1.0]","[0.5, 1.0]","[0.5, 1.0]","[0.375, 0.0]","[0.625, 0.0]",[[0]],[[1]],[[2]],"(0, 12)","(12, 21)","(12, 21)",{},{},{},"['A', 'B']",[],[],0,0,5,5,3,3,A,,,,,,,A,,,,,"{'rtype': 'select-node', 'rtimedn': 34.554, 'rtimeup': 34.554}",,,,,,,"{'rtype': 'a', 'rtimedn': 1.273, 'rtimeup': 3.194}",,,,
,,12,1,1,1732648862,BDG-604-5515,TREE-1.2-0.0-0.0,"['bf3de0a4-d976-479b-b106-0fe02de0903b', '3c48f1f3-63f8-4276-b96c-fc478c875973']","['participant', 'participant']","['hour-glass', 'round-square']","['hsla(268, 51%, 62%, 1.0)', 'hsla(196, 92%, 41%, 1.0)']","[[1.0, 0.43970893970893976], [0.43970893970893976, 1.0]]","{0: '', 1: 'A', 2: 'B'}",,1,after,"[True, True]","{'max': 21, 'min': 21, 'avg': 21.0, 'root': 12}","[-10, -10]","[128, 135]",sequential,chance,chance,"[1.0, 1.0]","[0.5, 1.0]","[0.5, 1.0]","[0.5, 1.0]","[0.375, 0.0]","[0.625, 0.0]",[[0]],[[1]],[[2]],"(0, 12)","(12, 21)","(12, 21)",{},{},{},"['A', 'B']",[],[],0,0,5,5,1,5,A,,,,,,,A,,,,,"{'rtype': 'select-node', 'rtimedn': 15.292, 'rtimeup': 15.292}",,,,,,,"{'rtype': 'select-node', 'rtimedn': 19.284, 'rtimeup': 19.284}",,,,
,,13,0,1,1732648871,BDG-182-2323,TREE-1.2-0.0-0.0,"['6e82ab61-3e9b-44ed-94f5-d85668628ea5', '3c48f1f3-63f8-4276-b96c-fc478c875973']","['participant', 'participant']","['hour-glass', 'round-square']","['hsla(18, 67%, 52%, 1.0)', 'hsla(196, 92%, 41%, 1.0)']","[[1.0, 0.23180873180873182], [0.23180873180873182, 1.0]]","{0: '', 1: 'A', 2: 'B'}",,2,after,"[True, True]","{'max': 21, 'min': 21, 'avg': 21.0, 'root': 12}","[-10, -10]","[133, 135]",sequential,chance,chance,"[1.0, 1.0]","[0.5, 1.0]","[0.5, 1.0]","[0.5, 1.0]","[0.375, 0.0]","[0.625, 0.0]",[[0]],[[1]],[[2]],"(0, 12)","(12, 21)","(12, 21)",{},{},{},"['A', 'B']",[],[],0,0,2,3,2,3,B,,,,,,,B,,,,,"{'rtype': 'select-node', 'rtimedn': 35.578, 'rtimeup': 35.578}",,,,,,,"{'rtype': 'select-node', 'rtimedn': 20.316, 'rtimeup': 20.316}",,,,
,,13,1,1,1732648871,BDG-002-1113,TREE-1.2-0.0-0.0,"['680b54c2-f020-44f0-98a2-d8c0a41da056', 'bf3de0a4-d976-479b-b106-0fe02de0903b']","['robot', 'participant']","['ghost', 'hour-glass']","['hsla(78, 58%, 59%, 1.0)', 'hsla(268, 51%, 62%, 1.0)']","[[1.0, 0.23180873180873182], [0.23180873180873182, 1.0]]","{0: '', 1: 'A', 2: 'B'}",,2,after,"[False, True]","{'max': 21, 'min': 21, 'avg': 21.0, 'root': 12}","[0, -10]","[137, 128]",sequential,chance,chance,"[1.0, 1.0]","[0.5, 1.0]","[0.5, 1.0]","[0.5, 1.0]","[0.625, 0.0]","[0.375, 0.0]",[[0]],[[1]],[[2]],"(0, 12)","(12, 21)","(12, 21)",{},{},{},"['A', 'B']",[],[],0,0,1,1,1,3,B,,,,,,,B,,,,,"{'rtype': 'a', 'rtimedn': 2.125, 'rtimeup': 3.631}",,,,,,,"{'rtype': 'select-node', 'rtimedn': 16.166, 'rtimeup': 16.166}",,,,
,,14,0,1,1732648879,BDG-112-1533,TREE-1.2-0.0-0.0,"['680b54c2-f020-44f0-98a2-d8c0a41da056', '6e82ab61-3e9b-44ed-94f5-d85668628ea5']","['robot', 'participant']","['ghost', 'hour-glass']","['hsla(78, 58%, 59%, 1.0)', 'hsla(18, 67%, 52%, 1.0)']","[[1.0, 0.43970893970893976], [0.43970893970893976, 1.0]]","{0: '', 1: 'A', 2: 'B'}",,2,after,"[False, True]","{'max': 21, 'min': 21, 'avg': 21.0, 'root': 12}","[0, -10]","[137, 133]",sequential,chance,chance,"[1.0, 1.0]","[0.5, 1.0]","[0.5, 1.0]","[0.5, 1.0]","[0.375, 0.0]","[0.625, 0.0]",[[0]],[[1]],[[2]],"(0, 12)","(12, 21)","(12, 21)",{},{},{},"['A', 'B']",[],[],0,0,1,5,3,3,B,,,,,,,B,,,,,"{'rtype': 'a', 'rtimedn': 2.568, 'rtimeup': 4.21}",,,,,,,"{'rtype': 'select-node', 'rtimedn': 36.449, 'rtimeup': 36.449}",,,,
,,14,1,1,1732648880,BDG-490-4541,TREE-1.2-0.0-0.0,"['bf3de0a4-d976-479b-b106-0fe02de0903b', '3c48f1f3-63f8-4276-b96c-fc478c875973']","['participant', 'participant']","['hour-glass', 'round-square']","['hsla(268, 51%, 62%, 1.0)', 'hsla(196, 92%, 41%, 1.0)']","[[1.0, 0.43970893970893976], [0.43970893970893976, 1.0]]","{0: '', 1: 'A', 2: 'B'}",,1,after,"[True, True]","{'max': 21, 'min': 21, 'avg': 21.0, 'root': 12}","[-10, -10]","[128, 135]",sequential,chance,chance,"[1.0, 1.0]","[0.5, 1.0]","[0.5, 1.0]","[0.5, 1.0]","[0.625, 0.0]","[0.375, 0.0]",[[0]],[[1]],[[2]],"(0, 12)","(12, 21)","(12, 21)",{},{},{},"['A', 'B']",[],[],0,0,4,5,4,1,A,,,,,,,A,,,,,"{'rtype': 'select-node', 'rtimedn': 17.065, 'rtimeup': 17.065}",,,,,,,"{'rtype': 'select-node', 'rtimedn': 21.109, 'rtimeup': 21.109}",,,,
,,15,0,1,1732648887,BDG-453-4414,TREE-1.2-0.0-0.0,"['6e82ab61-3e9b-44ed-94f5-d85668628ea5', '680b54c2-f020-44f0-98a2-d8c0a41da056']","['participant', 'robot']","['hour-glass', 'ghost']","['hsla(18, 67%, 52%, 1.0)', 'hsla(78, 58%, 59%, 1.0)']","[[1.0, 0.43970893970893976], [0.43970893970893976, 1.0]]","{0: '', 1: 'A', 2: 'B'}",,1,after,"[True, False]","{'max': 21, 'min': 21, 'avg': 21.0, 'root': 12}","[-10, 0]","[133, 137]",sequential,chance,chance,"[1.0, 1.0]","[0.5, 1.0]","[0.5, 1.0]","[0.5, 1.0]","[0.375, 0.0]","[0.625, 0.0]",[[0]],[[1]],[[2]],"(0, 12)","(12, 21)","(12, 21)",{},{},{},"['A', 'B']",[],[],0,0,4,4,1,4,A,,,,,,,A,,,,,"{'rtype': 'select-node', 'rtimedn': 37.312, 'rtimeup': 37.312}",,,,,,,"{'rtype': 'a', 'rtimedn': 0.022, 'rtimeup': 1.113}",,,,
,,15,1,1,1732648893,BDG-419-4245,TREE-1.2-0.0-0.0,"['bf3de0a4-d976-479b-b106-0fe02de0903b', '3c48f1f3-63f8-4276-b96c-fc478c875973']","['participant', 'participant']","['hour-glass', 'round-square']","['hsla(268, 51%, 62%, 1.0)', 'hsla(196, 92%, 41%, 1.0)']","[[1.0, 0.43970893970893976], [0.43970893970893976, 1.0]]","{0: '', 1: 'A', 2: 'B'}",,2,after,"[True, True]","{'max': 21, 'min': 21, 'avg': 21.0, 'root': 12}","[-10, -10]","[128, 135]",sequential,chance,chance,"[1.0, 1.0]","[0.5, 1.0]","[0.5, 1.0]","[0.5, 1.0]","[0.625, 0.0]","[0.375, 0.0]",[[0]],[[1]],[[2]],"(0, 12)","(12, 21)","(12, 21)",{},{},{},"['A', 'B']",[],[],0,0,4,2,4,5,B,,,,,,,A,,,,,"{'rtype': 'select-node', 'rtimedn': 18.02, 'rtimeup': 18.02}",,,,,,,"{'rtype': 'select-node', 'rtimedn': 22.441, 'rtimeup': 22.441}",,,,
,,16,0,1,1732648900,BDG-111-1532,TREE-1.2-0.0-0.0,"['680b54c2-f020-44f0-98a2-d8c0a41da056', '6e82ab61-3e9b-44ed-94f5-d85668628ea5']","['robot', 'participant']","['ghost', 'hour-glass']","['hsla(78, 58%, 59%, 1.0)', 'hsla(18, 67%, 52%, 1.0)']","[[1.0, 0.43970893970893976], [0.43970893970893976, 1.0]]","{0: '', 1: 'A', 2: 'B'}",,1,after,"[False, True]","{'max': 21, 'min': 21, 'avg': 21.0, 'root': 12}","[0, -10]","[137, 133]",sequential,chance,chance,"[1.0, 1.0]","[0.5, 1.0]","[0.5, 1.0]","[0.5, 1.0]","[0.625, 0.0]","[0.375, 0.0]",[[0]],[[1]],[[2]],"(0, 12)","(12, 21)","(12, 21)",{},{},{},"['A', 'B']",[],[],0,0,1,5,3,2,A,,,,,,,B,,,,,"{'rtype': 'a', 'rtimedn': 10.376, 'rtimeup': 11.039}",,,,,,,"{'rtype': 'select-node', 'rtimedn': 38.603, 'rtimeup': 38.603}",,,,
,,16,1,1,1732648902,BDG-596-5452,TREE-1.2-0.0-0.0,"['bf3de0a4-d976-479b-b106-0fe02de0903b', '3c48f1f3-63f8-4276-b96c-fc478c875973']","['participant', 'participant']","['hour-glass', 'round-square']","['hsla(268, 51%, 62%, 1.0)', 'hsla(196, 92%, 41%, 1.0)']","[[1.0, 0.43970893970893976], [0.43970893970893976, 1.0]]","{0: '', 1: 'A', 2: 'B'}",,1,after,"[True, True]","{'max': 21, 'min': 21, 'avg': 21.0, 'root': 12}","[-10, -10]","[128, 135]",sequential,chance,chance,"[1.0, 1.0]","[0.5, 1.0]","[0.5, 1.0]","[0.5, 1.0]","[0.625, 0.0]","[0.375, 0.0]",[[0]],[[1]],[[2]],"(0, 12)","(12, 21)","(12, 21)",{},{},{},"['A', 'B']",[],[],0,0,5,4,5,2,A,,,,,,,A,,,,,"{'rtype': 'select-node', 'rtimedn': 19.04, 'rtimeup': 19.04}",,,,,,,"{'rtype': 'select-node', 'rtimedn': 23.345, 'rtimeup': 23.345}",,,,
,,17,0,1,1732648910,BDG-555-5321,TREE-1.2-0.0-0.0,"['bf3de0a4-d976-479b-b106-0fe02de0903b', '3c48f1f3-63f8-4276-b96c-fc478c875973']","['participant', 'participant']","['hour-glass', 'round-square']","['hsla(268, 51%, 62%, 1.0)', 'hsla(196, 92%, 41%, 1.0)']","[[1.0, 0.43970893970893976], [0.43970893970893976, 1.0]]","{0: '', 1: 'A', 2: 'B'}",,1,after,"[True, True]","{'max': 21, 'min': 21, 'avg': 21.0, 'root': 12}","[-10, -10]","[128, 135]",sequential,chance,chance,"[1.0, 1.0]","[0.5, 1.0]","[0.5, 1.0]","[0.5, 1.0]","[0.375, 0.0]","[0.625, 0.0]",[[0]],[[1]],[[2]],"(0, 12)","(12, 21)","(12, 21)",{},{},{},"['A', 'B']",[],[],0,0,5,3,2,1,A,,,,,,,A,,,,,"{'rtype': 'select-node', 'rtimedn': 20.023, 'rtimeup': 20.023}",,,,,,,"{'rtype': 'select-node', 'rtimedn': 24.048, 'rtimeup': 24.048}",,,,
,,17,1,1,1732648909,BDG-205-2421,TREE-1.2-0.0-0.0,"['6e82ab61-3e9b-44ed-94f5-d85668628ea5', '680b54c2-f020-44f0-98a2-d8c0a41da056']","['participant', 'robot']","['hour-glass', 'ghost']","['hsla(18, 67%, 52%, 1.0)', 'hsla(78, 58%, 59%, 1.0)']","[[1.0, 0.43970893970893976], [0.43970893970893976, 1.0]]","{0: '', 1: 'A', 2: 'B'}",,1,after,"[True, False]","{'max': 21, 'min': 21, 'avg': 21.0, 'root': 12}","[-10, 0]","[133, 137]",sequential,chance,chance,"[1.0, 1.0]","[0.5, 1.0]","[0.5, 1.0]","[0.5, 1.0]","[0.625, 0.0]","[0.375, 0.0]",[[0]],[[1]],[[2]],"(0, 12)","(12, 21)","(12, 21)",{},{},{},"['A', 'B']",[],[],0,0,2,4,2,1,A,,,,,,,A,,,,,"{'rtype': 'select-node', 'rtimedn': 39.445, 'rtimeup': 39.445}",,,,,,,"{'rtype': 'a', 'rtimedn': 5.988, 'rtimeup': 7.618}",,,,
,,18,0,1,1732648920,BDG-107-1523,TREE-1.2-0.0-0.0,"['bf3de0a4-d976-479b-b106-0fe02de0903b', '6e82ab61-3e9b-44ed-94f5-d85668628ea5']","['participant', 'participant']","['hour-glass', 'hour-glass']","['hsla(268, 51%, 62%, 1.0)', 'hsla(18, 67%, 52%, 1.0)']","[[1.0, 0.3284823284823285], [0.3284823284823285, 1.0]]","{0: '', 1: 'A', 2: 'B'}",,2,after,"[True, True]","{'max': 21, 'min': 21, 'avg': 21.0, 'root': 12}","[-10, -10]","[128, 133]",sequential,chance,chance,"[1.0, 1.0]","[0.5, 1.0]","[0.5, 1.0]","[0.5, 1.0]","[0.625, 0.0]","[0.375, 0.0]",[[0]],[[1]],[[2]],"(0, 12)","(12, 21)","(12, 21)",{},{},{},"['A', 'B']",[],[],0,0,1,5,2,3,B,,,,,,,B,,,,,"{'rtype': 'select-node', 'rtimedn': 21, 'rtimeup': 21}",,,,,,,"{'rtype': 'select-node', 'rtimedn': 40.294, 'rtimeup': 40.294}",,,,
,,18,1,1,1732648917,BDG-316-3342,TREE-1.2-0.0-0.0,"['3c48f1f3-63f8-4276-b96c-fc478c875973', '680b54c2-f020-44f0-98a2-d8c0a41da056']","['participant', 'robot']","['round-square', 'ghost']","['hsla(196, 92%, 41%, 1.0)', 'hsla(78, 58%, 59%, 1.0)']","[[1.0, 0.3284823284823285], [0.3284823284823285, 1.0]]","{0: '', 1: 'A', 2: 'B'}",,1,after,"[True, False]","{'max': 21, 'min': 21, 'avg': 21.0, 'root': 12}","[-10, 0]","[135, 137]",sequential,chance,chance,"[1.0, 1.0]","[0.5, 1.0]","[0.5, 1.0]","[0.5, 1.0]","[0.625, 0.0]","[0.375, 0.0]",[[0]],[[1]],[[2]],"(0, 12)","(12, 21)","(12, 21)",{},{},{},"['A', 'B']",[],[],0,0,3,3,4,2,A,,,,,,,B,,,,,"{'rtype': 'select-node', 'rtimedn': 24.908, 'rtimeup': 24.908}",,,,,,,"{'rtype': 'a', 'rtimedn': 5.801, 'rtimeup': 6.074}",,,,
,,19,0,1,1732648928,BDG-327-3413,TREE-1.2-0.0-0.0,"['bf3de0a4-d976-479b-b106-0fe02de0903b', '6e82ab61-3e9b-44ed-94f5-d85668628ea5']","['participant', 'participant']","['hour-glass', 'hour-glass']","['hsla(268, 51%, 62%, 1.0)', 'hsla(18, 67%, 52%, 1.0)']","[[1.0, 0.3284823284823285], [0.3284823284823285, 1.0]]","{0: '', 1: 'A', 2: 'B'}",,1,after,"[True, True]","{'max': 21, 'min': 21, 'avg': 21.0, 'root': 12}","[-10, -10]","[128, 133]",sequential,chance,chance,"[1.0, 1.0]","[0.5, 1.0]","[0.5, 1.0]","[0.5, 1.0]","[0.625, 0.0]","[0.375, 0.0]",[[0]],[[1]],[[2]],"(0, 12)","(12, 21)","(12, 21)",{},{},{},"['A', 'B']",[],[],0,0,3,4,1,3,A,,,,,,,A,,,,,"{'rtype': 'select-node', 'rtimedn': 21.843, 'rtimeup': 21.843}",,,,,,,"{'rtype': 'select-node', 'rtimedn': 41.283, 'rtimeup': 41.283}",,,,
,,19,1,1,1732648929,BDG-534-5225,TREE-1.2-0.0-0.0,"['680b54c2-f020-44f0-98a2-d8c0a41da056', '3c48f1f3-63f8-4276-b96c-fc478c875973']","['robot', 'participant']","['ghost', 'round-square']","['hsla(78, 58%, 59%, 1.0)', 'hsla(196, 92%, 41%, 1.0)']","[[1.0, 0.3284823284823285], [0.3284823284823285, 1.0]]","{0: '', 1: 'A', 2: 'B'}",,1,after,"[False, True]","{'max': 21, 'min': 21, 'avg': 21.0, 'root': 12}","[0, -10]","[137, 135]",sequential,chance,chance,"[1.0, 1.0]","[0.5, 1.0]","[0.5, 1.0]","[0.5, 1.0]","[0.375, 0.0]","[0.625, 0.0]",[[0]],[[1]],[[2]],"(0, 12)","(12, 21)","(12, 21)",{},{},{},"['A', 'B']",[],[],0,0,5,2,2,5,A,,,,,,,B,,,,,"{'rtype': 'd', 'rtimedn': 3.227, 'rtimeup': 4.249}",,,,,,,"{'rtype': 'select-node', 'rtimedn': 26.035, 'rtimeup': 26.035}",,,,
,,20,0,1,1732648936,BDG-401-4212,TREE-1.2-0.0-0.0,"['680b54c2-f020-44f0-98a2-d8c0a41da056', '6e82ab61-3e9b-44ed-94f5-d85668628ea5']","['robot', 'participant']","['ghost', 'hour-glass']","['hsla(78, 58%, 59%, 1.0)', 'hsla(18, 67%, 52%, 1.0)']","[[1.0, 0.43970893970893976], [0.43970893970893976, 1.0]]","{0: '', 1: 'A', 2: 'B'}",,1,after,"[False, True]","{'max': 21, 'min': 21, 'avg': 21.0, 'root': 12}","[0, -10]","[137, 133]",sequential,chance,chance,"[1.0, 1.0]","[0.5, 1.0]","[0.5, 1.0]","[0.5, 1.0]","[0.625, 0.0]","[0.375, 0.0]",[[0]],[[1]],[[2]],"(0, 12)","(12, 21)","(12, 21)",{},{},{},"['A', 'B']",[],[],0,0,4,2,1,2,A,,,,,,,A,,,,,"{'rtype': 'd', 'rtimedn': 1.404, 'rtimeup': 4.635}",,,,,,,"{'rtype': 'select-node', 'rtimedn': 42.18, 'rtimeup': 42.18}",,,,
,,20,1,1,1732648937,BDG-252-3113,TREE-1.2-0.0-0.0,"['bf3de0a4-d976-479b-b106-0fe02de0903b', '3c48f1f3-63f8-4276-b96c-fc478c875973']","['participant', 'participant']","['hour-glass', 'round-square']","['hsla(268, 51%, 62%, 1.0)', 'hsla(196, 92%, 41%, 1.0)']","[[1.0, 0.43970893970893976], [0.43970893970893976, 1.0]]","{0: '', 1: 'A', 2: 'B'}",,1,after,"[True, True]","{'max': 21, 'min': 21, 'avg': 21.0, 'root': 12}","[-10, -10]","[128, 135]",sequential,chance,chance,"[1.0, 1.0]","[0.5, 1.0]","[0.5, 1.0]","[0.5, 1.0]","[0.375, 0.0]","[0.625, 0.0]",[[0]],[[1]],[[2]],"(0, 12)","(12, 21)","(12, 21)",{},{},{},"['A', 'B']",[],[],0,0,3,1,1,3,A,,,,,,,A,,,,,"{'rtype': 'select-node', 'rtimedn': 22.734, 'rtimeup': 22.734}",,,,,,,"{'rtype': 'select-node', 'rtimedn': 26.91, 'rtimeup': 26.91}",,,,
,,21,0,1,1732648948,BDG-170-2251,TREE-1.2-0.0-0.0,"['680b54c2-f020-44f0-98a2-d8c0a41da056', '3c48f1f3-63f8-4276-b96c-fc478c875973']","['robot', 'participant']","['ghost', 'round-square']","['hsla(78, 58%, 59%, 1.0)', 'hsla(196, 92%, 41%, 1.0)']","[[1.0, 0.3284823284823285], [0.3284823284823285, 1.0]]","{0: '', 1: 'A', 2: 'B'}",,2,after,"[False, True]","{'max': 21, 'min': 21, 'avg': 21.0, 'root': 12}","[0, -10]","[137, 135]",sequential,chance,chance,"[1.0, 1.0]","[0.5, 1.0]","[0.5, 1.0]","[0.5, 1.0]","[0.625, 0.0]","[0.375, 0.0]",[[0]],[[1]],[[2]],"(0, 12)","(12, 21)","(12, 21)",{},{},{},"['A', 'B']",[],[],0,0,2,2,5,1,B,,,,,,,B,,,,,"{'rtype': 'd', 'rtimedn': 6.366, 'rtimeup': 7.126}",,,,,,,"{'rtype': 'select-node', 'rtimedn': 27.982, 'rtimeup': 27.982}",,,,
,,21,1,1,1732648950,BDG-578-5414,TREE-1.2-0.0-0.0,"['6e82ab61-3e9b-44ed-94f5-d85668628ea5', 'bf3de0a4-d976-479b-b106-0fe02de0903b']","['participant', 'participant']","['hour-glass', 'hour-glass']","['hsla(18, 67%, 52%, 1.0)', 'hsla(268, 51%, 62%, 1.0)']","[[1.0, 0.3284823284823285], [0.3284823284823285, 1.0]]","{0: '', 1: 'A', 2: 'B'}",,1,after,"[True, True]","{'max': 21, 'min': 21, 'avg': 21.0, 'root': 12}","[-10, -10]","[133, 128]",sequential,chance,chance,"[1.0, 1.0]","[0.5, 1.0]","[0.5, 1.0]","[0.5, 1.0]","[0.375, 0.0]","[0.625, 0.0]",[[0]],[[1]],[[2]],"(0, 12)","(12, 21)","(12, 21)",{},{},{},"['A', 'B']",[],[],0,0,5,4,1,4,A,,,,,,,A,,,,,"{'rtype': 'select-node', 'rtimedn': 43.045, 'rtimeup': 43.045}",,,,,,,"{'rtype': 'select-node', 'rtimedn': 24.025, 'rtimeup': 24.025}",,,,
,,22,0,1,1732648957,BDG-031-1222,TREE-1.2-0.0-0.0,"['6e82ab61-3e9b-44ed-94f5-d85668628ea5', '680b54c2-f020-44f0-98a2-d8c0a41da056']","['participant', 'robot']","['hour-glass', 'ghost']","['hsla(18, 67%, 52%, 1.0)', 'hsla(78, 58%, 59%, 1.0)']","[[1.0, 0.43970893970893976], [0.43970893970893976, 1.0]]","{0: '', 1: 'A', 2: 'B'}",,2,after,"[True, False]","{'max': 21, 'min': 21, 'avg': 21.0, 'root': 12}","[-10, 0]","[133, 137]",sequential,chance,chance,"[1.0, 1.0]","[0.5, 1.0]","[0.5, 1.0]","[0.5, 1.0]","[0.625, 0.0]","[0.375, 0.0]",[[0]],[[1]],[[2]],"(0, 12)","(12, 21)","(12, 21)",{},{},{},"['A', 'B']",[],[],0,0,1,2,2,2,B,,,,,,,B,,,,,"{'rtype': 'select-node', 'rtimedn': 44.274, 'rtimeup': 44.274}",,,,,,,"{'rtype': 'a', 'rtimedn': 4.277, 'rtimeup': 5.468}",,,,
,,22,1,1,1732648962,BDG-090-1441,TREE-1.2-0.0-0.0,"['3c48f1f3-63f8-4276-b96c-fc478c875973', 'bf3de0a4-d976-479b-b106-0fe02de0903b']","['participant', 'participant']","['round-square', 'hour-glass']","['hsla(196, 92%, 41%, 1.0)', 'hsla(268, 51%, 62%, 1.0)']","[[1.0, 0.43970893970893976], [0.43970893970893976, 1.0]]","{0: '', 1: 'A', 2: 'B'}",,2,after,"[True, True]","{'max': 21, 'min': 21, 'avg': 21.0, 'root': 12}","[-10, -10]","[135, 128]",sequential,chance,chance,"[1.0, 1.0]","[0.5, 1.0]","[0.5, 1.0]","[0.5, 1.0]","[0.625, 0.0]","[0.375, 0.0]",[[0]],[[1]],[[2]],"(0, 12)","(12, 21)","(12, 21)",{},{},{},"['A', 'B']",[],[],0,0,1,4,4,1,B,,,,,,,B,,,,,"{'rtype': 'select-node', 'rtimedn': 29.337, 'rtimeup': 29.337}",,,,,,,"{'rtype': 'select-node', 'rtimedn': 24.895, 'rtimeup': 24.895}",,,,
,,23,0,1,1732648970,BDG-453-4414,TREE-1.2-0.0-0.0,"['bf3de0a4-d976-479b-b106-0fe02de0903b', '6e82ab61-3e9b-44ed-94f5-d85668628ea5']","['participant', 'participant']","['hour-glass', 'hour-glass']","['hsla(268, 51%, 62%, 1.0)', 'hsla(18, 67%, 52%, 1.0)']","[[1.0, 0.3284823284823285], [0.3284823284823285, 1.0]]","{0: '', 1: 'A', 2: 'B'}",,1,after,"[True, True]","{'max': 21, 'min': 21, 'avg': 21.0, 'root': 12}","[-10, -10]","[128, 133]",sequential,chance,chance,"[1.0, 1.0]","[0.5, 1.0]","[0.5, 1.0]","[0.5, 1.0]","[0.375, 0.0]","[0.625, 0.0]",[[0]],[[1]],[[2]],"(0, 12)","(12, 21)","(12, 21)",{},{},{},"['A', 'B']",[],[],0,0,4,4,1,4,A,,,,,,,A,,,,,"{'rtype': 'select-node', 'rtimedn': 26.069, 'rtimeup': 26.069}",,,,,,,"{'rtype': 'select-node', 'rtimedn': 45.447, 'rtimeup': 45.447}",,,,
,,23,1,1,1732648973,BDG-230-2521,TREE-1.2-0.0-0.0,"['680b54c2-f020-44f0-98a2-d8c0a41da056', '3c48f1f3-63f8-4276-b96c-fc478c875973']","['robot', 'participant']","['ghost', 'round-square']","['hsla(78, 58%, 59%, 1.0)', 'hsla(196, 92%, 41%, 1.0)']","[[1.0, 0.3284823284823285], [0.3284823284823285, 1.0]]","{0: '', 1: 'A', 2: 'B'}",,2,after,"[False, True]","{'max': 21, 'min': 21, 'avg': 21.0, 'root': 12}","[0, -10]","[137, 135]",sequential,chance,chance,"[1.0, 1.0]","[0.5, 1.0]","[0.5, 1.0]","[0.5, 1.0]","[0.375, 0.0]","[0.625, 0.0]",[[0]],[[1]],[[2]],"(0, 12)","(12, 21)","(12, 21)",{},{},{},"['A', 'B']",[],[],0,0,2,5,2,1,B,,,,,,,B,,,,,"{'rtype': 'd', 'rtimedn': 4.934, 'rtimeup': 7.18}",,,,,,,"{'rtype': 'select-node', 'rtimedn': 30.468, 'rtimeup': 30.468}",,,,
,,24,0,1,1732648981,BDG-172-2253,TREE-1.2-0.0-0.0,"['6e82ab61-3e9b-44ed-94f5-d85668628ea5', '680b54c2-f020-44f0-98a2-d8c0a41da056']","['participant', 'robot']","['hour-glass', 'ghost']","['hsla(18, 67%, 52%, 1.0)', 'hsla(78, 58%, 59%, 1.0)']","[[1.0, 0.43970893970893976], [0.43970893970893976, 1.0]]","{0: '', 1: 'A', 2: 'B'}",,2,after,"[True, False]","{'max': 21, 'min': 21, 'avg': 21.0, 'root': 12}","[-10, 0]","[133, 137]",sequential,chance,chance,"[1.0, 1.0]","[0.5, 1.0]","[0.5, 1.0]","[0.5, 1.0]","[0.375, 0.0]","[0.625, 0.0]",[[0]],[[1]],[[2]],"(0, 12)","(12, 21)","(12, 21)",{},{},{},"['A', 'B']",[],[],0,0,2,2,5,3,B,,,,,,,B,,,,,"{'rtype': 'select-node', 'rtimedn': 46.667, 'rtimeup': 46.667}",,,,,,,"{'rtype': 'a', 'rtimedn': 3.908, 'rtimeup': 6.177}",,,,
,,24,1,1,1732648985,BDG-571-5352,TREE-1.2-0.0-0.0,"['bf3de0a4-d976-479b-b106-0fe02de0903b', '3c48f1f3-63f8-4276-b96c-fc478c875973']","['participant', 'participant']","['hour-glass', 'round-square']","['hsla(268, 51%, 62%, 1.0)', 'hsla(196, 92%, 41%, 1.0)']","[[1.0, 0.43970893970893976], [0.43970893970893976, 1.0]]","{0: '', 1: 'A', 2: 'B'}",,1,after,"[True, True]","{'max': 21, 'min': 21, 'avg': 21.0, 'root': 12}","[-10, -10]","[128, 135]",sequential,chance,chance,"[1.0, 1.0]","[0.5, 1.0]","[0.5, 1.0]","[0.5, 1.0]","[0.625, 0.0]","[0.375, 0.0]",[[0]],[[1]],[[2]],"(0, 12)","(12, 21)","(12, 21)",{},{},{},"['A', 'B']",[],[],0,0,5,3,5,2,A,,,,,,,A,,,,,"{'rtype': 'select-node', 'rtimedn': 27.168, 'rtimeup': 27.168}",,,,,,,"{'rtype': 'select-node', 'rtimedn': 31.717, 'rtimeup': 31.717}",,,,
,,25,0,1,1732648994,BDG-412-4233,TREE-1.2-0.0-0.0,"['6e82ab61-3e9b-44ed-94f5-d85668628ea5', 'bf3de0a4-d976-479b-b106-0fe02de0903b']","['participant', 'participant']","['hour-glass', 'hour-glass']","['hsla(18, 67%, 52%, 1.0)', 'hsla(268, 51%, 62%, 1.0)']","[[1.0, 0.3284823284823285], [0.3284823284823285, 1.0]]","{0: '', 1: 'A', 2: 'B'}",,2,after,"[True, True]","{'max': 21, 'min': 21, 'avg': 21.0, 'root': 12}","[-10, -10]","[133, 128]",sequential,chance,chance,"[1.0, 1.0]","[0.5, 1.0]","[0.5, 1.0]","[0.5, 1.0]","[0.625, 0.0]","[0.375, 0.0]",[[0]],[[1]],[[2]],"(0, 12)","(12, 21)","(12, 21)",{},{},{},"['A', 'B']",[],[],0,0,4,2,3,3,B,,,,,,,A,,,,,"{'rtype': 'select-node', 'rtimedn': 47.919, 'rtimeup': 47.919}",,,,,,,"{'rtype': 'select-node', 'rtimedn': 28.474, 'rtimeup': 28.474}",,,,
,,25,1,1,1732648995,BDG-169-2245,TREE-1.2-0.0-0.0,"['3c48f1f3-63f8-4276-b96c-fc478c875973', '680b54c2-f020-44f0-98a2-d8c0a41da056']","['participant', 'robot']","['round-square', 'ghost']","['hsla(196, 92%, 41%, 1.0)', 'hsla(78, 58%, 59%, 1.0)']","[[1.0, 0.3284823284823285], [0.3284823284823285, 1.0]]","{0: '', 1: 'A', 2: 'B'}",,2,after,"[True, False]","{'max': 21, 'min': 21, 'avg': 21.0, 'root': 12}","[-10, 0]","[135, 137]",sequential,chance,chance,"[1.0, 1.0]","[0.5, 1.0]","[0.5, 1.0]","[0.5, 1.0]","[0.625, 0.0]","[0.375, 0.0]",[[0]],[[1]],[[2]],"(0, 12)","(12, 21)","(12, 21)",{},{},{},"['A', 'B']",[],[],0,0,2,2,4,5,B,,,,,,,B,,,,,"{'rtype': 'select-node', 'rtimedn': 32.655, 'rtimeup': 32.655}",,,,,,,"{'rtype': 'd', 'rtimedn': 8.75, 'rtimeup': 11.682}",,,,
,,26,0,1,1732649003,BDG-442-4343,TREE-1.2-0.0-0.0,"['bf3de0a4-d976-479b-b106-0fe02de0903b', '680b54c2-f020-44f0-98a2-d8c0a41da056']","['participant', 'robot']","['hour-glass', 'ghost']","['hsla(268, 51%, 62%, 1.0)', 'hsla(78, 58%, 59%, 1.0)']","[[1.0, 0.23180873180873182], [0.23180873180873182, 1.0]]","{0: '', 1: 'A', 2: 'B'}",,2,after,"[True, False]","{'max': 21, 'min': 21, 'avg': 21.0, 'root': 12}","[-10, 0]","[128, 137]",sequential,chance,chance,"[1.0, 1.0]","[0.5, 1.0]","[0.5, 1.0]","[0.5, 1.0]","[0.375, 0.0]","[0.625, 0.0]",[[0]],[[1]],[[2]],"(0, 12)","(12, 21)","(12, 21)",{},{},{},"['A', 'B']",[],[],0,0,4,3,4,3,B,,,,,,,B,,,,,"{'rtype': 'select-node', 'rtimedn': 29.313, 'rtimeup': 29.313}",,,,,,,"{'rtype': 'd', 'rtimedn': 0.894, 'rtimeup': 1.876}",,,,
,,26,1,1,1732649004,BDG-617-5543,TREE-1.2-0.0-0.0,"['3c48f1f3-63f8-4276-b96c-fc478c875973', '6e82ab61-3e9b-44ed-94f5-d85668628ea5']","['participant', 'participant']","['round-square', 'hour-glass']","['hsla(196, 92%, 41%, 1.0)', 'hsla(18, 67%, 52%, 1.0)']","[[1.0, 0.23180873180873182], [0.23180873180873182, 1.0]]","{0: '', 1: 'A', 2: 'B'}",,1,after,"[True, True]","{'max': 21, 'min': 21, 'avg': 21.0, 'root': 12}","[-10, -10]","[135, 133]",sequential,chance,chance,"[1.0, 1.0]","[0.5, 1.0]","[0.5, 1.0]","[0.5, 1.0]","[0.625, 0.0]","[0.375, 0.0]",[[0]],[[1]],[[2]],"(0, 12)","(12, 21)","(12, 21)",{},{},{},"['A', 'B']",[],[],0,0,5,5,4,3,A,,,,,,,A,,,,,"{'rtype': 'select-node', 'rtimedn': 33.565, 'rtimeup': 33.565}",,,,,,,"{'rtype': 'select-node', 'rtimedn': 48.783, 'rtimeup': 48.783}",,,,
,,27,0,1,1732649017,BDG-057-1323,TREE-1.2-0.0-0.0,"['3c48f1f3-63f8-4276-b96c-fc478c875973', 'bf3de0a4-d976-479b-b106-0fe02de0903b']","['participant', 'participant']","['round-square', 'hour-glass']","['hsla(196, 92%, 41%, 1.0)', 'hsla(268, 51%, 62%, 1.0)']","[[1.0, 0.43970893970893976], [0.43970893970893976, 1.0]]","{0: '', 1: 'A', 2: 'B'}",,2,after,"[True, True]","{'max': 21, 'min': 21, 'avg': 21.0, 'root': 12}","[-10, -10]","[135, 128]",sequential,chance,chance,"[1.0, 1.0]","[0.5, 1.0]","[0.5, 1.0]","[0.5, 1.0]","[0.375, 0.0]","[0.625, 0.0]",[[0]],[[1]],[[2]],"(0, 12)","(12, 21)","(12, 21)",{},{},{},"['A', 'B']",[],[],0,0,1,3,2,3,B,,,,,,,B,,,,,"{'rtype': 'select-node', 'rtimedn': 34.897, 'rtimeup': 34.897}",,,,,,,"{'rtype': 'select-node', 'rtimedn': 30.317, 'rtimeup': 30.317}",,,,
,,27,1,1,1732649011,BDG-399-4155,TREE-1.2-0.0-0.0,"['680b54c2-f020-44f0-98a2-d8c0a41da056', '6e82ab61-3e9b-44ed-94f5-d85668628ea5']","['robot', 'participant']","['ghost', 'hour-glass']","['hsla(78, 58%, 59%, 1.0)', 'hsla(18, 67%, 52%, 1.0)']","[[1.0, 0.43970893970893976], [0.43970893970893976, 1.0]]","{0: '', 1: 'A', 2: 'B'}",,1,after,"[False, True]","{'max': 21, 'min': 21, 'avg': 21.0, 'root': 12}","[0, -10]","[137, 133]",sequential,chance,chance,"[1.0, 1.0]","[0.5, 1.0]","[0.5, 1.0]","[0.5, 1.0]","[0.625, 0.0]","[0.375, 0.0]",[[0]],[[1]],[[2]],"(0, 12)","(12, 21)","(12, 21)",{},{},{},"['A', 'B']",[],[],0,0,4,1,5,5,A,,,,,,,B,,,,,"{'rtype': 'a', 'rtimedn': 6.258, 'rtimeup': 6.808}",,,,,,,"{'rtype': 'select-node', 'rtimedn': 49.649, 'rtimeup': 49.649}",,,,
,,28,0,1,1732649031,BDG-181-2322,TREE-1.2-0.0-0.0,"['3c48f1f3-63f8-4276-b96c-fc478c875973', '680b54c2-f020-44f0-98a2-d8c0a41da056']","['participant', 'robot']","['round-square', 'ghost']","['hsla(196, 92%, 41%, 1.0)', 'hsla(78, 58%, 59%, 1.0)']","[[1.0, 0.3284823284823285], [0.3284823284823285, 1.0]]","{0: '', 1: 'A', 2: 'B'}",,2,after,"[True, False]","{'max': 21, 'min': 21, 'avg': 21.0, 'root': 12}","[-10, 0]","[135, 137]",sequential,chance,chance,"[1.0, 1.0]","[0.5, 1.0]","[0.5, 1.0]","[0.5, 1.0]","[0.375, 0.0]","[0.625, 0.0]",[[0]],[[1]],[[2]],"(0, 12)","(12, 21)","(12, 21)",{},{},{},"['A', 'B']",[],[],0,0,2,3,2,2,B,,,,,,,A,,,,,"{'rtype': 'select-node', 'rtimedn': 36.275, 'rtimeup': 36.275}",,,,,,,"{'rtype': 'd', 'rtimedn': 2.44, 'rtimeup': 2.459}",,,,
,,28,1,1,1732649028,BDG-412-4233,TREE-1.2-0.0-0.0,"['6e82ab61-3e9b-44ed-94f5-d85668628ea5', 'bf3de0a4-d976-479b-b106-0fe02de0903b']","['participant', 'participant']","['hour-glass', 'hour-glass']","['hsla(18, 67%, 52%, 1.0)', 'hsla(268, 51%, 62%, 1.0)']","[[1.0, 0.3284823284823285], [0.3284823284823285, 1.0]]","{0: '', 1: 'A', 2: 'B'}",,2,after,"[True, True]","{'max': 21, 'min': 21, 'avg': 21.0, 'root': 12}","[-10, -10]","[133, 128]",sequential,chance,chance,"[1.0, 1.0]","[0.5, 1.0]","[0.5, 1.0]","[0.5, 1.0]","[0.625, 0.0]","[0.375, 0.0]",[[0]],[[1]],[[2]],"(0, 12)","(12, 21)","(12, 21)",{},{},{},"['A', 'B']",[],[],0,0,4,2,3,3,B,,,,,,,A,,,,,"{'rtype': 'select-node', 'rtimedn': 51.039, 'rtimeup': 51.039}",,,,,,,"{'rtype': 'select-node', 'rtimedn': 31.834, 'rtimeup': 31.834}",,,,
,,29,0,1,1732649039,BDG-409-4225,TREE-1.2-0.0-0.0,"['3c48f1f3-63f8-4276-b96c-fc478c875973', '6e82ab61-3e9b-44ed-94f5-d85668628ea5']","['participant', 'participant']","['round-square', 'hour-glass']","['hsla(196, 92%, 41%, 1.0)', 'hsla(18, 67%, 52%, 1.0)']","[[1.0, 0.23180873180873182], [0.23180873180873182, 1.0]]","{0: '', 1: 'A', 2: 'B'}",,1,after,"[True, True]","{'max': 21, 'min': 21, 'avg': 21.0, 'root': 12}","[-10, -10]","[135, 133]",sequential,chance,chance,"[1.0, 1.0]","[0.5, 1.0]","[0.5, 1.0]","[0.5, 1.0]","[0.375, 0.0]","[0.625, 0.0]",[[0]],[[1]],[[2]],"(0, 12)","(12, 21)","(12, 21)",{},{},{},"['A', 'B']",[],[],0,0,4,2,2,5,A,,,,,,,A,,,,,"{'rtype': 'select-node', 'rtimedn': 37.078, 'rtimeup': 37.078}",,,,,,,"{'rtype': 'select-node', 'rtimedn': 52.391, 'rtimeup': 52.391}",,,,
,,29,1,1,1732649039,BDG-469-4445,TREE-1.2-0.0-0.0,"['bf3de0a4-d976-479b-b106-0fe02de0903b', '680b54c2-f020-44f0-98a2-d8c0a41da056']","['participant', 'robot']","['hour-glass', 'ghost']","['hsla(268, 51%, 62%, 1.0)', 'hsla(78, 58%, 59%, 1.0)']","[[1.0, 0.23180873180873182], [0.23180873180873182, 1.0]]","{0: '', 1: 'A', 2: 'B'}",,2,after,"[True, False]","{'max': 21, 'min': 21, 'avg': 21.0, 'root': 12}","[-10, 0]","[128, 137]",sequential,chance,chance,"[1.0, 1.0]","[0.5, 1.0]","[0.5, 1.0]","[0.5, 1.0]","[0.625, 0.0]","[0.375, 0.0]",[[0]],[[1]],[[2]],"(0, 12)","(12, 21)","(12, 21)",{},{},{},"['A', 'B']",[],[],0,0,4,4,4,5,B,,,,,,,B,,,,,"{'rtype': 'select-node', 'rtimedn': 32.981, 'rtimeup': 32.981}",,,,,,,"{'rtype': 'd', 'rtimedn': 6.74, 'rtimeup': 9.283}",,,,
,,30,0,1,1732649054,BDG-192-2343,TREE-1.2-0.0-0.0,"['3c48f1f3-63f8-4276-b96c-fc478c875973', 'bf3de0a4-d976-479b-b106-0fe02de0903b']","['participant', 'participant']","['round-square', 'hour-glass']","['hsla(196, 92%, 41%, 1.0)', 'hsla(268, 51%, 62%, 1.0)']","[[1.0, 0.43970893970893976], [0.43970893970893976, 1.0]]","{0: '', 1: 'A', 2: 'B'}",,2,after,"[True, True]","{'max': 21, 'min': 21, 'avg': 21.0, 'root': 12}","[-10, -10]","[135, 128]",sequential,chance,chance,"[1.0, 1.0]","[0.5, 1.0]","[0.5, 1.0]","[0.5, 1.0]","[0.375, 0.0]","[0.625, 0.0]",[[0]],[[1]],[[2]],"(0, 12)","(12, 21)","(12, 21)",{},{},{},"['A', 'B']",[],[],0,0,2,3,4,3,B,,,,,,,A,,,,,"{'rtype': 'select-node', 'rtimedn': 37.886, 'rtimeup': 37.886}",,,,,,,"{'rtype': None, 'rtimedn': 13, 'rtimeup': 13}",,,,
,,30,1,1,1732649047,BDG-166-2242,TREE-1.2-0.0-0.0,"['680b54c2-f020-44f0-98a2-d8c0a41da056', '6e82ab61-3e9b-44ed-94f5-d85668628ea5']","['robot', 'participant']","['ghost', 'hour-glass']","['hsla(78, 58%, 59%, 1.0)', 'hsla(18, 67%, 52%, 1.0)']","[[1.0, 0.43970893970893976], [0.43970893970893976, 1.0]]","{0: '', 1: 'A', 2: 'B'}",,1,after,"[False, True]","{'max': 21, 'min': 21, 'avg': 21.0, 'root': 12}","[0, -10]","[137, 133]",sequential,chance,chance,"[1.0, 1.0]","[0.5, 1.0]","[0.5, 1.0]","[0.5, 1.0]","[0.625, 0.0]","[0.375, 0.0]",[[0]],[[1]],[[2]],"(0, 12)","(12, 21)","(12, 21)",{},{},{},"['A', 'B']",[],[],0,0,2,2,4,2,A,,,,,,,B,,,,,"{'rtype': 'd', 'rtimedn': 2.997, 'rtimeup': 3.643}",,,,,,,"{'rtype': 'select-node', 'rtimedn': 53.235, 'rtimeup': 53.235}",,,,
,,31,0,1,1732649062,BDG-309-3325,TREE-1.2-0.0-0.0,"['6e82ab61-3e9b-44ed-94f5-d85668628ea5', '680b54c2-f020-44f0-98a2-d8c0a41da056']","['participant', 'robot']","['hour-glass', 'ghost']","['hsla(18, 67%, 52%, 1.0)', 'hsla(78, 58%, 59%, 1.0)']","[[1.0, 0.43970893970893976], [0.43970893970893976, 1.0]]","{0: '', 1: 'A', 2: 'B'}",,1,after,"[True, False]","{'max': 21, 'min': 21, 'avg': 21.0, 'root': 12}","[-10, 0]","[133, 137]",sequential,chance,chance,"[1.0, 1.0]","[0.5, 1.0]","[0.5, 1.0]","[0.5, 1.0]","[0.625, 0.0]","[0.375, 0.0]",[[0]],[[1]],[[2]],"(0, 12)","(12, 21)","(12, 21)",{},{},{},"['A', 'B']",[],[],0,0,3,3,2,5,A,,,,,,,A,,,,,"{'rtype': 'select-node', 'rtimedn': 54.796, 'rtimeup': 54.796}",,,,,,,"{'rtype': 'd', 'rtimedn': 2.665, 'rtimeup': 3.282}",,,,
,,31,1,1,1732649063,BDG-393-4144,TREE-1.2-0.0-0.0,"['bf3de0a4-d976-479b-b106-0fe02de0903b', '3c48f1f3-63f8-4276-b96c-fc478c875973']","['participant', 'participant']","['hour-glass', 'round-square']","['hsla(268, 51%, 62%, 1.0)', 'hsla(196, 92%, 41%, 1.0)']","[[1.0, 0.43970893970893976], [0.43970893970893976, 1.0]]","{0: '', 1: 'A', 2: 'B'}",,2,after,"[True, True]","{'max': 21, 'min': 21, 'avg': 21.0, 'root': 12}","[-10, -10]","[128, 135]",sequential,chance,chance,"[1.0, 1.0]","[0.5, 1.0]","[0.5, 1.0]","[0.5, 1.0]","[0.625, 0.0]","[0.375, 0.0]",[[0]],[[1]],[[2]],"(0, 12)","(12, 21)","(12, 21)",{},{},{},"['A', 'B']",[],[],0,0,4,1,4,4,B,,,,,,,B,,,,,"{'rtype': 'select-node', 'rtimedn': 35.294, 'rtimeup': 35.294}",,,,,,,"{'rtype': 'select-node', 'rtimedn': 39.465, 'rtimeup': 39.465}",,,,
,,32,0,1,1732649071,BDG-031-1222,TREE-1.2-0.0-0.0,"['bf3de0a4-d976-479b-b106-0fe02de0903b', '6e82ab61-3e9b-44ed-94f5-d85668628ea5']","['participant', 'participant']","['hour-glass', 'hour-glass']","['hsla(268, 51%, 62%, 1.0)', 'hsla(18, 67%, 52%, 1.0)']","[[1.0, 0.3284823284823285], [0.3284823284823285, 1.0]]","{0: '', 1: 'A', 2: 'B'}",,2,after,"[True, True]","{'max': 21, 'min': 21, 'avg': 21.0, 'root': 12}","[-10, -10]","[128, 133]",sequential,chance,chance,"[1.0, 1.0]","[0.5, 1.0]","[0.5, 1.0]","[0.5, 1.0]","[0.625, 0.0]","[0.375, 0.0]",[[0]],[[1]],[[2]],"(0, 12)","(12, 21)","(12, 21)",{},{},{},"['A', 'B']",[],[],0,0,1,2,2,2,B,,,,,,,B,,,,,"{'rtype': 'select-node', 'rtimedn': 36.156, 'rtimeup': 36.156}",,,,,,,"{'rtype': 'select-node', 'rtimedn': 55.657, 'rtimeup': 55.657}",,,,
,,32,1,1,1732649071,BDG-227-2513,TREE-1.2-0.0-0.0,"['3c48f1f3-63f8-4276-b96c-fc478c875973', '680b54c2-f020-44f0-98a2-d8c0a41da056']","['participant', 'robot']","['round-square', 'ghost']","['hsla(196, 92%, 41%, 1.0)', 'hsla(78, 58%, 59%, 1.0)']","[[1.0, 0.3284823284823285], [0.3284823284823285, 1.0]]","{0: '', 1: 'A', 2: 'B'}",,1,after,"[True, False]","{'max': 21, 'min': 21, 'avg': 21.0, 'root': 12}","[-10, 0]","[135, 137]",sequential,chance,chance,"[1.0, 1.0]","[0.5, 1.0]","[0.5, 1.0]","[0.5, 1.0]","[0.625, 0.0]","[0.375, 0.0]",[[0]],[[1]],[[2]],"(0, 12)","(12, 21)","(12, 21)",{},{},{},"['A', 'B']",[],[],0,0,2,5,1,3,A,,,,,,,A,,,,,"{'rtype': 'select-node', 'rtimedn': 40.312, 'rtimeup': 40.312}",,,,,,,"{'rtype': 'a', 'rtimedn': 1.733, 'rtimeup': 2.957}",,,,
,,33,0,1,1732649080,BDG-324-3355,TREE-1.2-0.0-0.0,"['680b54c2-f020-44f0-98a2-d8c0a41da056', '3c48f1f3-63f8-4276-b96c-fc478c875973']","['robot', 'participant']","['ghost', 'round-square']","['hsla(78, 58%, 59%, 1.0)', 'hsla(196, 92%, 41%, 1.0)']","[[1.0, 0.3284823284823285], [0.3284823284823285, 1.0]]","{0: '', 1: 'A', 2: 'B'}",,2,after,"[False, True]","{'max': 21, 'min': 21, 'avg': 21.0, 'root': 12}","[0, -10]","[137, 135]",sequential,chance,chance,"[1.0, 1.0]","[0.5, 1.0]","[0.5, 1.0]","[0.5, 1.0]","[0.375, 0.0]","[0.625, 0.0]",[[0]],[[1]],[[2]],"(0, 12)","(12, 21)","(12, 21)",{},{},{},"['A', 'B']",[],[],0,0,3,3,5,5,B,,,,,,,B,,,,,"{'rtype': 'a', 'rtimedn': 3.344, 'rtimeup': 4.632}",,,,,,,"{'rtype': 'select-node', 'rtimedn': 41.186, 'rtimeup': 41.186}",,,,
,,33,1,1,1732649081,BDG-163-2234,TREE-1.2-0.0-0.0,"['6e82ab61-3e9b-44ed-94f5-d85668628ea5', 'bf3de0a4-d976-479b-b106-0fe02de0903b']","['participant', 'participant']","['hour-glass', 'hour-glass']","['hsla(18, 67%, 52%, 1.0)', 'hsla(268, 51%, 62%, 1.0)']","[[1.0, 0.3284823284823285], [0.3284823284823285, 1.0]]","{0: '', 1: 'A', 2: 'B'}",,2,after,"[True, True]","{'max': 21, 'min': 21, 'avg': 21.0, 'root': 12}","[-10, -10]","[133, 128]",sequential,chance,chance,"[1.0, 1.0]","[0.5, 1.0]","[0.5, 1.0]","[0.5, 1.0]","[0.375, 0.0]","[0.625, 0.0]",[[0]],[[1]],[[2]],"(0, 12)","(12, 21)","(12, 21)",{},{},{},"['A', 'B']",[],[],0,0,2,2,3,4,B,,,,,,,B,,,,,"{'rtype': 'select-node', 'rtimedn': 56.455, 'rtimeup': 56.455}",,,,,,,"{'rtype': 'select-node', 'rtimedn': 37.095, 'rtimeup': 37.095}",,,,
,,34,0,1,1732649091,BDG-576-5412,TREE-1.2-0.0-0.0,"['bf3de0a4-d976-479b-b106-0fe02de0903b', '3c48f1f3-63f8-4276-b96c-fc478c875973']","['participant', 'participant']","['hour-glass', 'round-square']","['hsla(268, 51%, 62%, 1.0)', 'hsla(196, 92%, 41%, 1.0)']","[[1.0, 0.43970893970893976], [0.43970893970893976, 1.0]]","{0: '', 1: 'A', 2: 'B'}",,1,after,"[True, True]","{'max': 21, 'min': 21, 'avg': 21.0, 'root': 12}","[-10, -10]","[128, 135]",sequential,chance,chance,"[1.0, 1.0]","[0.5, 1.0]","[0.5, 1.0]","[0.5, 1.0]","[0.625, 0.0]","[0.375, 0.0]",[[0]],[[1]],[[2]],"(0, 12)","(12, 21)","(12, 21)",{},{},{},"['A', 'B']",[],[],0,0,5,4,1,2,A,,,,,,,A,,,,,"{'rtype': 'select-node', 'rtimedn': 37.866, 'rtimeup': 37.866}",,,,,,,"{'rtype': 'select-node', 'rtimedn': 42.276, 'rtimeup': 42.276}",,,,
,,34,1,1,1732649088,BDG-179-2315,TREE-1.2-0.0-0.0,"['6e82ab61-3e9b-44ed-94f5-d85668628ea5', '680b54c2-f020-44f0-98a2-d8c0a41da056']","['participant', 'robot']","['hour-glass', 'ghost']","['hsla(18, 67%, 52%, 1.0)', 'hsla(78, 58%, 59%, 1.0)']","[[1.0, 0.43970893970893976], [0.43970893970893976, 1.0]]","{0: '', 1: 'A', 2: 'B'}",,1,after,"[True, False]","{'max': 21, 'min': 21, 'avg': 21.0, 'root': 12}","[-10, 0]","[133, 137]",sequential,chance,chance,"[1.0, 1.0]","[0.5, 1.0]","[0.5, 1.0]","[0.5, 1.0]","[0.625, 0.0]","[0.375, 0.0]",[[0]],[[1]],[[2]],"(0, 12)","(12, 21)","(12, 21)",{},{},{},"['A', 'B']",[],[],0,0,2,3,1,5,A,,,,,,,A,,,,,"{'rtype': 'select-node', 'rtimedn': 57.391, 'rtimeup': 57.391}",,,,,,,"{'rtype': 'a', 'rtimedn': 1.281, 'rtimeup': 1.828}",,,,
,,35,0,1,1732649099,BDG-050-1311,TREE-1.2-0.0-0.0,"['680b54c2-f020-44f0-98a2-d8c0a41da056', '6e82ab61-3e9b-44ed-94f5-d85668628ea5']","['robot', 'participant']","['ghost', 'hour-glass']","['hsla(78, 58%, 59%, 1.0)', 'hsla(18, 67%, 52%, 1.0)']","[[1.0, 0.43970893970893976], [0.43970893970893976, 1.0]]","{0: '', 1: 'A', 2: 'B'}",,2,after,"[False, True]","{'max': 21, 'min': 21, 'avg': 21.0, 'root': 12}","[0, -10]","[137, 133]",sequential,chance,chance,"[1.0, 1.0]","[0.5, 1.0]","[0.5, 1.0]","[0.5, 1.0]","[0.375, 0.0]","[0.625, 0.0]",[[0]],[[1]],[[2]],"(0, 12)","(12, 21)","(12, 21)",{},{},{},"['A', 'B']",[],[],0,0,1,3,1,1,B,,,,,,,A,,,,,"{'rtype': 'a', 'rtimedn': 4.089, 'rtimeup': 6.226}",,,,,,,"{'rtype': 'select-node', 'rtimedn': 58.431, 'rtimeup': 58.431}",,,,
,,35,1,1,1732649102,BDG-422-4253,TREE-1.2-0.0-0.0,"['3c48f1f3-63f8-4276-b96c-fc478c875973', 'bf3de0a4-d976-479b-b106-0fe02de0903b']","['participant', 'participant']","['round-square', 'hour-glass']","['hsla(196, 92%, 41%, 1.0)', 'hsla(268, 51%, 62%, 1.0)']","[[1.0, 0.43970893970893976], [0.43970893970893976, 1.0]]","{0: '', 1: 'A', 2: 'B'}",,2,after,"[True, True]","{'max': 21, 'min': 21, 'avg': 21.0, 'root': 12}","[-10, -10]","[135, 128]",sequential,chance,chance,"[1.0, 1.0]","[0.5, 1.0]","[0.5, 1.0]","[0.5, 1.0]","[0.625, 0.0]","[0.375, 0.0]",[[0]],[[1]],[[2]],"(0, 12)","(12, 21)","(12, 21)",{},{},{},"['A', 'B']",[],[],0,0,4,2,5,3,B,,,,,,,B,,,,,"{'rtype': 'select-node', 'rtimedn': 43.207, 'rtimeup': 43.207}",,,,,,,"{'rtype': 'select-node', 'rtimedn': 39.252, 'rtimeup': 39.252}",,,,
,,36,0,1,1732649112,BDG-422-4253,TREE-1.2-0.0-0.0,"['6e82ab61-3e9b-44ed-94f5-d85668628ea5', '3c48f1f3-63f8-4276-b96c-fc478c875973']","['participant', 'participant']","['hour-glass', 'round-square']","['hsla(18, 67%, 52%, 1.0)', 'hsla(196, 92%, 41%, 1.0)']","[[1.0, 0.23180873180873182], [0.23180873180873182, 1.0]]","{0: '', 1: 'A', 2: 'B'}",,2,after,"[True, True]","{'max': 21, 'min': 21, 'avg': 21.0, 'root': 12}","[-10, -10]","[133, 135]",sequential,chance,chance,"[1.0, 1.0]","[0.5, 1.0]","[0.5, 1.0]","[0.5, 1.0]","[0.625, 0.0]","[0.375, 0.0]",[[0]],[[1]],[[2]],"(0, 12)","(12, 21)","(12, 21)",{},{},{},"['A', 'B']",[],[],0,0,4,2,5,3,B,,,,,,,B,,,,,"{'rtype': 'select-node', 'rtimedn': 59.622, 'rtimeup': 59.622}",,,,,,,"{'rtype': 'select-node', 'rtimedn': 44.413, 'rtimeup': 44.413}",,,,
,,36,1,1,1732649110,BDG-322-3353,TREE-1.2-0.0-0.0,"['bf3de0a4-d976-479b-b106-0fe02de0903b', '680b54c2-f020-44f0-98a2-d8c0a41da056']","['participant', 'robot']","['hour-glass', 'ghost']","['hsla(268, 51%, 62%, 1.0)', 'hsla(78, 58%, 59%, 1.0)']","[[1.0, 0.23180873180873182], [0.23180873180873182, 1.0]]","{0: '', 1: 'A', 2: 'B'}",,2,after,"[True, False]","{'max': 21, 'min': 21, 'avg': 21.0, 'root': 12}","[-10, 0]","[128, 137]",sequential,chance,chance,"[1.0, 1.0]","[0.5, 1.0]","[0.5, 1.0]","[0.5, 1.0]","[0.375, 0.0]","[0.625, 0.0]",[[0]],[[1]],[[2]],"(0, 12)","(12, 21)","(12, 21)",{},{},{},"['A', 'B']",[],[],0,0,3,3,5,3,B,,,,,,,B,,,,,"{'rtype': 'select-node', 'rtimedn': 40.062, 'rtimeup': 40.062}",,,,,,,"{'rtype': 'd', 'rtimedn': 1.612, 'rtimeup': 1.673}",,,,
,,37,0,1,1732649120,BDG-416-4242,TREE-1.2-0.0-0.0,"['bf3de0a4-d976-479b-b106-0fe02de0903b', '6e82ab61-3e9b-44ed-94f5-d85668628ea5']","['participant', 'participant']","['hour-glass', 'hour-glass']","['hsla(268, 51%, 62%, 1.0)', 'hsla(18, 67%, 52%, 1.0)']","[[1.0, 0.3284823284823285], [0.3284823284823285, 1.0]]","{0: '', 1: 'A', 2: 'B'}",,2,after,"[True, True]","{'max': 21, 'min': 21, 'avg': 21.0, 'root': 12}","[-10, -10]","[128, 133]",sequential,chance,chance,"[1.0, 1.0]","[0.5, 1.0]","[0.5, 1.0]","[0.5, 1.0]","[0.375, 0.0]","[0.625, 0.0]",[[0]],[[1]],[[2]],"(0, 12)","(12, 21)","(12, 21)",{},{},{},"['A', 'B']",[],[],0,0,4,2,4,2,B,,,,,,,A,,,,,"{'rtype': 'select-node', 'rtimedn': 41.072, 'rtimeup': 41.072}",,,,,,,"{'rtype': 'select-node', 'rtimedn': 60.528, 'rtimeup': 60.528}",,,,
,,37,1,1,1732649120,BDG-124-1555,TREE-1.2-0.0-0.0,"['3c48f1f3-63f8-4276-b96c-fc478c875973', '680b54c2-f020-44f0-98a2-d8c0a41da056']","['participant', 'robot']","['round-square', 'ghost']","['hsla(196, 92%, 41%, 1.0)', 'hsla(78, 58%, 59%, 1.0)']","[[1.0, 0.3284823284823285], [0.3284823284823285, 1.0]]","{0: '', 1: 'A', 2: 'B'}",,2,after,"[True, False]","{'max': 21, 'min': 21, 'avg': 21.0, 'root': 12}","[-10, 0]","[135, 137]",sequential,chance,chance,"[1.0, 1.0]","[0.5, 1.0]","[0.5, 1.0]","[0.5, 1.0]","[0.375, 0.0]","[0.625, 0.0]",[[0]],[[1]],[[2]],"(0, 12)","(12, 21)","(12, 21)",{},{},{},"['A', 'B']",[],[],0,0,1,5,5,5,B,,,,,,,B,,,,,"{'rtype': 'select-node', 'rtimedn': 45.189, 'rtimeup': 45.189}",,,,,,,"{'rtype': 'a', 'rtimedn': 10.214, 'rtimeup': 10.487}",,,,
,,38,0,1,1732649129,BDG-496-4552,TREE-1.2-0.0-0.0,"['3c48f1f3-63f8-4276-b96c-fc478c875973', '6e82ab61-3e9b-44ed-94f5-d85668628ea5']","['participant', 'participant']","['round-square', 'hour-glass']","['hsla(196, 92%, 41%, 1.0)', 'hsla(18, 67%, 52%, 1.0)']","[[1.0, 0.23180873180873182], [0.23180873180873182, 1.0]]","{0: '', 1: 'A', 2: 'B'}",,1,after,"[True, True]","{'max': 21, 'min': 21, 'avg': 21.0, 'root': 12}","[-10, -10]","[135, 133]",sequential,chance,chance,"[1.0, 1.0]","[0.5, 1.0]","[0.5, 1.0]","[0.5, 1.0]","[0.625, 0.0]","[0.375, 0.0]",[[0]],[[1]],[[2]],"(0, 12)","(12, 21)","(12, 21)",{},{},{},"['A', 'B']",[],[],0,0,4,5,5,2,A,,,,,,,A,,,,,"{'rtype': 'select-node', 'rtimedn': 46.029, 'rtimeup': 46.029}",,,,,,,"{'rtype': 'select-node', 'rtimedn': 61.412, 'rtimeup': 61.412}",,,,
,,38,1,1,1732649128,BDG-005-1121,TREE-1.2-0.0-0.0,"['bf3de0a4-d976-479b-b106-0fe02de0903b', '680b54c2-f020-44f0-98a2-d8c0a41da056']","['participant', 'robot']","['hour-glass', 'ghost']","['hsla(268, 51%, 62%, 1.0)', 'hsla(78, 58%, 59%, 1.0)']","[[1.0, 0.23180873180873182], [0.23180873180873182, 1.0]]","{0: '', 1: 'A', 2: 'B'}",,2,after,"[True, False]","{'max': 21, 'min': 21, 'avg': 21.0, 'root': 12}","[-10, 0]","[128, 137]",sequential,chance,chance,"[1.0, 1.0]","[0.5, 1.0]","[0.5, 1.0]","[0.5, 1.0]","[0.625, 0.0]","[0.375, 0.0]",[[0]],[[1]],[[2]],"(0, 12)","(12, 21)","(12, 21)",{},{},{},"['A', 'B']",[],[],0,0,1,1,2,1,B,,,,,,,B,,,,,"{'rtype': 'select-node', 'rtimedn': 41.824, 'rtimeup': 41.824}",,,,,,,"{'rtype': 'a', 'rtimedn': 6.131, 'rtimeup': 6.83}",,,,
,,39,0,1,1732649136,BDG-572-5353,TREE-1.2-0.0-0.0,"['6e82ab61-3e9b-44ed-94f5-d85668628ea5', '680b54c2-f020-44f0-98a2-d8c0a41da056']","['participant', 'robot']","['hour-glass', 'ghost']","['hsla(18, 67%, 52%, 1.0)', 'hsla(78, 58%, 59%, 1.0)']","[[1.0, 0.43970893970893976], [0.43970893970893976, 1.0]]","{0: '', 1: 'A', 2: 'B'}",,1,after,"[True, False]","{'max': 21, 'min': 21, 'avg': 21.0, 'root': 12}","[-10, 0]","[133, 137]",sequential,chance,chance,"[1.0, 1.0]","[0.5, 1.0]","[0.5, 1.0]","[0.5, 1.0]","[0.625, 0.0]","[0.375, 0.0]",[[0]],[[1]],[[2]],"(0, 12)","(12, 21)","(12, 21)",{},{},{},"['A', 'B']",[],[],0,0,5,3,5,3,A,,,,,,,A,,,,,"{'rtype': 'select-node', 'rtimedn': 62.137, 'rtimeup': 62.137}",,,,,,,"{'rtype': 'a', 'rtimedn': 4.702, 'rtimeup': 5.253}",,,,
,,39,1,1,1732649140,BDG-415-4241,TREE-1.2-0.0-0.0,"['3c48f1f3-63f8-4276-b96c-fc478c875973', 'bf3de0a4-d976-479b-b106-0fe02de0903b']","['participant', 'participant']","['round-square', 'hour-glass']","['hsla(196, 92%, 41%, 1.0)', 'hsla(268, 51%, 62%, 1.0)']","[[1.0, 0.43970893970893976], [0.43970893970893976, 1.0]]","{0: '', 1: 'A', 2: 'B'}",,1,after,"[True, True]","{'max': 21, 'min': 21, 'avg': 21.0, 'root': 12}","[-10, -10]","[135, 128]",sequential,chance,chance,"[1.0, 1.0]","[0.5, 1.0]","[0.5, 1.0]","[0.5, 1.0]","[0.375, 0.0]","[0.625, 0.0]",[[0]],[[1]],[[2]],"(0, 12)","(12, 21)","(12, 21)",{},{},{},"['A', 'B']",[],[],0,0,4,2,4,1,A,,,,,,,A,,,,,"{'rtype': 'select-node', 'rtimedn': 47.179, 'rtimeup': 47.179}",,,,,,,"{'rtype': 'select-node', 'rtimedn': 42.695, 'rtimeup': 42.695}",,,,
