Vᵢᵢ,Vᵢⱼ,Vᵢᵢ_std,Vᵢⱼ_std,temp,n_data,raw_ssr_sum,raw_neglogprob_sum,param_penalty_sum,loss_final_sum
0.3975597427848775,-0.007121766942417835,0.23538457238959953,3.5016889012256054,0.5,24,0.21736228082025907,1.463317644746561,0.7698270754185916,1.7389490655784572
0.3975597427848775,-0.0071217769424178345,0.23538457238959953,3.5016889112256053,0.5,24,0.217362282240212,1.4633176476019156,0.7698270755006407,1.7389490653445967
0.3975597427848775,-0.0071217769424178345,0.23538457238959953,3.5016889012256054,0.5,24,0.21736228228277898,1.4633176477305812,0.7698270754828861,1.738949065599177
0.3975597527848775,-0.0071217769424178345,0.23538457238959953,3.5016889012256054,0.5,24,0.21736228908937877,1.4633176501477805,0.7698270693614031,1.7389490641661083
0.3975597427848775,-0.0071217769424178345,0.23538458238959953,3.5016889012256054,0.5,24,0.2173622856426667,1.4633176515129718,0.7698270744630159,1.7389490618536225
0.3975597427848775,-0.0071217769424178345,0.23538457238959953,3.5016889012256054,0.50000001,24,0.2173622918335826,1.4633176935110552,0.7698270776398194,1.738949098080628
0.3940879068654795,-0.00806297487986872,0.27336796912561523,4.0,0.5,24,0.22733564511520077,1.477406748868255,0.7702267661155004,1.721479393238625
0.3940879068654795,-0.00806298487986872,0.27336796912561523,4.0,0.5,24,0.22733564667112557,1.4774067520621674,0.7702267661687713,1.7214793932386263
0.3940879068654795,-0.00806298487986872,0.27336796912561523,3.99999999,0.5,24,0.22733564670065742,1.4774067521502923,0.770226766156604,1.7214793934283144
0.3940879168654795,-0.00806298487986872,0.27336796912561523,4.0,0.5,24,0.22733565334690742,1.477406755086612,0.7702267605237886,1.7214793932387824
0.3940879068654795,-0.00806298487986872,0.2733679791256152,4.0,0.5,24,0.2273356505431865,1.4774067586073345,0.7702267659201351,1.7214793932383858
0.3940879068654795,-0.00806298487986872,0.27336796912561523,4.0,0.50000001,24,0.22733565622983484,1.4774067973138634,0.7702267683657079,1.721479424648488
0.3940867607020383,-0.008062997516954568,0.2733714764336485,4.0,0.5,24,0.22733624154756923,1.4774087050844644,0.7702273260467005,1.7214793931880503
0.3940867607020383,-0.008063007516954568,0.2733714764336485,4.0,0.5,24,0.22733624310350392,1.477408708278375,0.7702273260999717,1.7214793931880514
0.3940867607020383,-0.008063007516954568,0.2733714764336485,4.0,0.5,24,0.22733624310350392,1.477408708278375,0.7702273260999717,1.7214793931880514
0.3940867607020383,-0.008063007516954568,0.2733714764336485,3.99999999,0.5,24,0.22733624313303583,1.4774087083665002,0.7702273260878044,1.7214793933777401
0.3940867607020383,-0.008063007516954568,0.2733714764336485,3.9999999403953552,0.5,24,0.22733624327952737,1.4774087088036398,0.7702273260274485,1.7214793943186826
0.3940867707020383,-0.008063007516954568,0.2733714764336485,4.0,0.5,24,0.22733624977908498,1.4774087113024916,0.7702273204550194,1.7214793931880426
0.3940867756031995,-0.008063007516954568,0.2733714764336485,4.0,0.5,24,0.22733625305089591,1.4774087127846618,0.7702273176883376,1.721479393188041
0.3940867607020383,-0.008063022418115762,0.2733714764336485,4.0,0.5,24,0.22733624542202785,1.4774087130376736,0.7702273261793521,1.7214793931880519
0.3940867607020383,-0.008063007516954568,0.2733714864336485,4.0,0.5,24,0.22733624697557203,1.4774087148236914,0.7702273258513896,1.721479393188052
0.3940867607020383,-0.008063007516954568,0.2733714913348097,4.0,0.5,24,0.22733624887333495,1.477408718031657,0.7702273257295558,1.7214793931880528
0.3940867607020383,-0.008063007516954568,0.2733714764336485,4.0,0.50000001,24,0.227336252662234,1.4774087535300884,0.7702273282969117,1.7214794245978822
0.3940867607020383,-0.008063007516954568,0.2733714764336485,4.0,0.5000000149011612,24,0.22733625734712165,1.4774087757086816,0.7702273293736673,1.721479439992347
0.3941176563230543,-0.008128248685944528,0.27363019504994357,4.0,0.5,24,0.2274672391765166,1.4776084848353537,0.7702038796090402,1.7214797296059012
0.3941176563230543,-0.008128258685944528,0.27363019504994357,4.0,0.5,24,0.22746724073291036,1.4776084880318057,0.770203879662386,1.7214797296059812
0.3941176563230543,-0.008128258685944528,0.27363019504994357,3.99999999,0.5,24,0.22746724076245625,1.4776084881199432,0.770203879650218,1.7214797297956514
0.3941176663230543,-0.008128258685944528,0.27363019504994357,4.0,0.5,24,0.22746724741806398,1.4776084910809275,0.7702038740212322,1.7214797296275675
0.3941176563230543,-0.008128258685944528,0.27363020504994356,4.0,0.5,24,0.22746724460701603,1.4776084945932968,0.7702038794193345,1.7214797296293738
0.3941176563230543,-0.008128258685944528,0.27363019504994357,4.0,0.50000001,24,0.22746725029097098,1.4776085332758524,0.7702038818594119,1.7214797610084236
0.39424356992753407,-0.00855906236972174,0.27442992360433616,4.0,0.5,24,0.22792885246572608,1.4783123053348672,0.7701164947955614,1.7214853058067001
0.39424356992753407,-0.00855907236972174,0.27442992360433616,4.0,0.5,24,0.22792885402675223,1.4783123085498202,0.7701164948493675,1.7214853058084612
0.39424356992753407,-0.00855907236972174,0.27442992360433616,3.99999999,0.5,24,0.22792885405631924,1.4783123086379204,0.770116494837203,1.7214853059980637
0.39424357992753406,-0.00855907236972174,0.27442992360433616,4.0,0.5,24,0.22792886074536184,1.478312311688005,0.7701164892203437,1.721485305904757
0.39424356992753407,-0.00855907236972174,0.27442993360433615,4.0,0.5,24,0.22792885790709771,1.4783123151616206,0.7701164946237563,1.721485305904798
0.39424356992753407,-0.00855907236972174,0.27442992360433616,4.0,0.50000001,24,0.22792886358273726,1.4783123537658884,0.7701164970466169,1.7214853371865195
0.39473768749853644,0.00017421120960701113,0.27650980154217353,3.5097686703963746,0.5,24,0.22963497105072986,1.482746313979057,0.7690148860303069,1.7323352499728164
0.39473768749853644,0.00017420120960701113,0.27650980154217353,3.5097686803963746,0.5,24,0.22963497234273,1.4827463164050723,0.7690148861071481,1.7323352496297275
0.39473768749853644,0.00017420120960701113,0.27650980154217353,3.5097686703963746,0.5,24,0.22963497238899816,1.4827463165417194,0.7690148860888664,1.7323352498835265
0.39473769749853643,0.00017420120960701113,0.27650980154217353,3.5097686703963746,0.5,24,0.22963497949831926,1.4827463202648203,0.7690148804920651,1.7323352500979639
0.39473768749853644,0.00017420120960701113,0.2765098115421735,3.5097686703963746,0.5,24,0.2296349763288151,1.482746323362608,0.7690148859053356,1.7323352501682925
0.39473768749853644,0.00017420120960701113,0.27650980154217353,3.5097686703963746,0.50000001,24,0.22963498191750925,1.4827463617610879,0.7690148882812899,1.7323352814621344
0.3951715325345954,-0.011206512992360728,0.2737287223897047,3.517388172700044,0.5,24,0.23043762105243357,1.4841603764321627,0.7689157792205983,1.7320562580093606
0.3951715325345954,-0.011206522992360728,0.2737287223897047,3.517388182700044,0.5,24,0.23043762252228517,1.4841603794111677,0.7689157793079382,1.7320562577644127
0.3951715325345954,-0.011206522992360728,0.2737287223897047,3.517388172700044,0.5,24,0.23043762256591113,1.4841603795402376,0.7689157792901781,1.7320562580161474
0.3951715425345954,-0.011206522992360728,0.2737287223897047,3.517388172700044,0.5,24,0.2304376296015992,1.4841603832826473,0.768915773663277,1.7320562581958678
0.3951715325345954,-0.011206522992360728,0.2737287323897047,3.517388172700044,0.5,24,0.23043762648437038,1.4841603862042898,0.7689157790585203,1.7320562580778256
0.3951715325345954,-0.011206522992360728,0.2737287223897047,3.517388172700044,0.50000001,24,0.2304376321168316,1.4841604246741895,0.7689157814811602,1.7320562896179055
0.3954875881062099,-0.022829803316992477,0.2702608742589742,3.544043427088109,0.5,24,0.2310594916941726,1.4856071240323576,0.7689620075432342,1.7314892208459898
0.3954875881062099,-0.02282981331699248,0.2702608742589742,3.544043437088109,0.5,24,0.2310594933525105,1.4856071275738274,0.7689620076403876,1.7314892207019772
0.3954875881062099,-0.02282981331699248,0.2702608742589742,3.544043427088109,0.5,24,0.2310594933927469,1.485607127693226,0.768962007623432,1.7314892209493813
0.39548759810620987,-0.02282981331699248,0.2702608742589742,3.544043427088109,0.5,24,0.23105950029302738,1.4856071313219243,0.7689620019555617,1.7314892210216275
0.3954875881062099,-0.02282981331699248,0.2702608842589742,3.544043427088109,0.5,24,0.23105949727833924,1.4856071341430248,0.7689620073276594,1.731489220715036
0.3954875881062099,-0.02282981331699248,0.2702608742589742,3.544043427088109,0.50000001,24,0.23105950297288366,1.485607172762695,0.7689620098128712,1.7314892525854164
0.39617025805285994,-0.047139420422577134,0.2640917151308027,3.649363439032886,0.5,24,0.23337804015041794,1.4911470604418484,0.7691773922427402,1.7297510862545638
0.39617025805285994,-0.047139430422577136,0.2640917151308027,3.649363449032886,0.5,24,0.23337804221686917,1.4911470651379657,0.7691773923585533,1.7297510863072816
0.39617025805285994,-0.047139430422577136,0.2640917151308027,3.649363439032886,0.5,24,0.23337804224928163,1.4911470652346797,0.7691773923437839,1.729751086540814
0.39617026805285993,-0.047139430422577136,0.2640917151308027,3.649363439032886,0.5,24,0.23337804882238142,1.4911470685455086,0.7691773866037203,1.7297510864372239
0.39617025805285994,-0.047139430422577136,0.2640917251308027,3.649363439032886,0.5,24,0.2333780460578731,1.4911470712632426,0.7691773919329611,1.7297510857533185
0.39617025805285994,-0.047139430422577136,0.2640917151308027,3.649363439032886,0.50000001,24,0.23337805189584948,1.4911471101499887,0.7691773945305332,1.7297511182003618
0.39598284463150496,-0.042941019305941144,0.2723906145278811,4.0,0.5,24,0.23455689667547092,1.4912947373005592,0.769428932740406,1.7219048569981967
0.39598284463150496,-0.042941029305941146,0.2723906145278811,4.0,0.5,24,0.23455689875482938,1.4912947420531786,0.7694289328285612,1.7219048572159432
0.39598284463150496,-0.042941029305941146,0.2723906145278811,3.99999999,0.5,24,0.23455689878017458,1.491294742128528,0.76942893281718,1.7219048574064377
0.39598285463150495,-0.042941029305941146,0.2723906145278811,4.0,0.5,24,0.23455690538725185,1.4912947455985226,0.7694289271967405,1.7219048576262712
0.39598284463150496,-0.042941029305941146,0.2723906245278811,4.0,0.5,24,0.23455690261772014,1.491294748571306,0.7694289325865282,1.7219048571859643
0.39598284463150496,-0.042941029305941146,0.2723906145278811,4.0,0.50000001,24,0.2345569083800298,1.491294786865382,0.7694289350232865,1.7219048885239472
0.3968894672643725,-0.08011582580391588,0.25791207899498886,3.903675801853558,0.5,24,0.23870367907250126,1.5040469884452872,0.7697561911409242,1.7260957816699296
0.3968894672643725,-0.08011583580391587,0.25791207899498886,3.903675811853558,0.5,24,0.23870368173286766,1.5040469946699966,0.7697561912792527,1.7260957819377012
0.3968894672643725,-0.08011583580391587,0.25791207899498886,3.903675801853558,0.5,24,0.23870368175465498,1.5040469947354351,0.7697561912680027,1.7260957821444438
0.3968894772643725,-0.08011583580391587,0.25791207899498886,3.903675801853558,0.5,24,0.23870368777182302,1.504046997408975,0.7697561854551762,1.7260957818693312
0.3968894672643725,-0.08011583580391587,0.25791208899498885,3.903675801853558,0.5,24,0.23870368545832596,1.5040470002823925,0.7697561907398643,1.7260957807673891
0.3968894672643725,-0.08011583580391587,0.25791207899498886,3.903675801853558,0.50000001,24,0.23870369149716303,1.5040470394101235,0.7697561934527143,1.726095813753788
0.3945620666887182,-0.07735746377696166,0.2650833853301416,3.5078654465572834,0.5,24,0.24030078890586695,1.5089640865676806,0.7702031547982613,1.7344383320618362
0.3945620666887182,-0.07735747377696166,0.2650833853301416,3.5078654565572833,0.5,24,0.24030079148042952,1.5089640924925445,0.7702031549496402,1.7344383323334984
0.3945620666887182,-0.07735747377696166,0.2650833853301416,3.5078654465572834,0.5,24,0.24030079151079864,1.5089640925839172,0.7702031549340163,1.73443833259178
0.3945620766887182,-0.07735747377696166,0.2650833853301416,3.5078654465572834,0.5,24,0.24030079728879633,1.5089640948691487,0.7702031491845722,1.7344383318652628
0.3945620666887182,-0.07735747377696166,0.2650833953301416,3.5078654465572834,0.5,24,0.24030079527762774,1.508964098540276,0.7702031545222687,1.7344383317524035
0.3945620666887182,-0.07735747377696166,0.2650833853301416,3.5078654465572834,0.50000001,24,0.2403008012811156,1.5089641372910565,0.7702031571231241,1.734438364327643
0.39814763507857204,-0.08556488416494605,0.2633754101532239,4.0,0.5,24,0.24280720189697613,1.5104734834179327,0.7689528251769094,1.7238386004688147
0.39814763507857204,-0.08556489416494605,0.2633754101532239,4.0,0.5,24,0.242807204659849,1.5104734899357646,0.7689528253074172,1.7238386009451472
0.39814763507857204,-0.08556489416494605,0.2633754101532239,3.99999999,0.5,24,0.24280720467975933,1.510473489995102,0.7689528252970439,1.723838601141362
0.39814764507857203,-0.08556489416494605,0.2633754101532239,4.0,0.5,24,0.2428072109402122,1.5104734933293236,0.7689528195864751,1.7238386013719662
0.39814763507857204,-0.08556489416494605,0.2633754201532239,4.0,0.5,24,0.24280720844580497,1.5104734959300794,0.7689528249122359,1.723838600169641
0.39814763507857204,-0.08556489416494605,0.2633754101532239,4.0,0.50000001,24,0.24280721438886604,1.510473534367489,0.7689528274949825,1.7238386323170485
0.34453980666216083,-0.08109161436231613,0.3175761986666087,3.486780329557455,0.5,24,0.25785173750613616,1.5799617862577366,0.7976754586725366,1.7690522753082782
0.34453979666216084,-0.08109160436231613,0.3175761986666087,3.486780329557455,0.5,24,0.25785173874627065,1.5799617957731174,0.7976754642355909,1.7690522871200003
0.34453979666216084,-0.08109161436231613,0.3175761986666087,3.486780339557455,0.5,24,0.25785174228588154,1.5799618025825413,0.7976754643945689,1.7690522875447332
0.34453979666216084,-0.08109161436231613,0.3175761986666087,3.486780329557455,0.5,24,0.2578517423045275,1.579961802653106,0.7976754643783617,1.7690522878291886
0.34453979666216084,-0.08109161436231613,0.3175762086666087,3.486780329557455,0.5,24,0.25785174576113973,1.5799618091369936,0.7976754642902842,1.769052288573762
0.34453979666216084,-0.08109161436231613,0.3175761986666087,3.486780329557455,0.50000001,24,0.2578517525817697,1.579961848539978,0.7976754666419641,1.7690523197768933
0.39154756584555767,-0.14798736525263032,0.2949488857305466,3.5140766583469825,0.5,24,0.2732857652323864,1.5810283147589248,0.7726964297432062,1.7407182540710189
0.39154756584555767,-0.1479873752526303,0.2949488857305466,3.5140766683469824,0.5,24,0.2732857692100708,1.5810283236113554,0.772696429964329,1.7407182547990432
0.39154756584555767,-0.1479873752526303,0.2949488857305466,3.5140766583469825,0.5,24,0.27328576922663483,1.5810283236617308,0.7726964299508968,1.7407182550743625
0.39154757584555766,-0.1479873752526303,0.2949488857305466,3.5140766583469825,0.5,24,0.27328577321214476,1.5810283242466618,0.7726964245424163,1.740718254402406
0.39154756584555767,-0.1479873752526303,0.2949488957305466,3.5140766583469825,0.5,24,0.27328577300051615,1.5810283308472055,0.7726964300703042,1.7407182563160404
0.39154756584555767,-0.1479873752526303,0.2949488857305466,3.5140766583469825,0.50000001,24,0.27328577917101227,1.581028367191608,0.772696432158224,1.7407182861386388
0.32979478271089824,-0.04278008382611988,0.39806494877230264,3.4851905371455087,0.5,24,0.2811257319559553,1.6433046262040552,0.8077582077952301,1.8052736110721332
0.32979477271089824,-0.042780073826119876,0.39806494877230264,3.4851905371455087,0.5,24,0.2811257355666813,1.6433046406272265,0.8077582126600023,1.8052736235893123
0.32979477271089824,-0.04278008382611988,0.39806494877230264,3.4851905471455087,0.5,24,0.2811257384340374,1.6433046453184428,0.8077582127869664,1.8052736236092202
0.32979477271089824,-0.04278008382611988,0.39806494877230264,3.4851905371455087,0.5,24,0.2811257384568366,1.6433046454061144,0.8077582127684293,1.805273623886924
0.32979477271089824,-0.04278008382611988,0.39806495877230264,3.4851905371455087,0.5,24,0.28112574167806464,1.6433046532741444,0.807758213417618,1.805273627416343
0.32979477271089824,-0.04278008382611988,0.39806494877230264,3.4851905371455087,0.50000001,24,0.2811257487691656,1.6433046912172127,0.8077582150088298,1.805273654685823
0.38942454721195185,-0.19771424562977002,0.07256355338033543,3.4916197544422176,0.5,24,0.2807515770349198,1.6534270778191904,0.7851835703741846,1.8859853069120645
0.38942454721195185,-0.19771423562977003,0.07256354338033544,3.4916197544422176,0.5,24,0.2807515808675713,1.6534270784176315,0.7851835640003155,1.8859853087901162
0.38942454721195185,-0.19771424562977002,0.07256354338033544,3.4916197644422176,0.5,24,0.28075158608905487,1.6534270895682341,0.7851835642658436,1.8859853101317674
0.38942454721195185,-0.19771424562977002,0.07256354338033544,3.4916197544422176,0.5,24,0.2807515861018695,1.6534270896037147,0.785183564253925,1.8859853104793085
0.38942455721195185,-0.19771424562977002,0.07256354338033544,3.4916197544422176,0.5,24,0.28075160341536826,1.6534271058234067,0.7851835482242766,1.8859853156679969
0.38942454721195185,-0.19771424562977002,0.07256354338033544,3.4916197544422176,0.50000001,24,0.2807515963330074,1.653427134894135,0.785183566137489,1.8859853457255729
1.0,-0.3917164212364202,1.3892524105925237,3.884006915981809,0.5,24,0.32070384237185234,1.6804578345377041,0.8082645713570175,1.8792961226700644
1.0,-0.3917164312364202,1.3892524105925237,3.884006915981809,0.5,24,0.32070384230976146,1.680457836326559,0.8082645718092869,1.8792961225039955
1.0,-0.3917164312364202,1.3892524105925237,3.884006925981809,0.5,24,0.32070384237297056,1.6804578364953708,0.8082645718137003,1.8792961225695115
1.0,-0.3917164312364202,1.3892524205925236,3.884006915981809,0.5,24,0.3207038419830205,1.6804578369840972,0.8082645725966895,1.8792961235180492
0.99999999,-0.3917164312364202,1.3892524105925237,3.884006915981809,0.5,24,0.3207038422061216,1.680457839299028,0.8082645724757971,1.8792961232251562
1.0,-0.3917164312364202,1.3892524105925237,3.884006915981809,0.50000001,24,0.32070385210226443,1.6804578762378068,0.8082645737404865,1.8792961498720684
0.4428328758900033,-0.22097040396127451,0.27026256728664755,3.543856856585798,0.5,24,0.33757046810863955,1.680644688027814,0.7472368035636383,1.7744512699169448
0.4428328758900033,-0.2209704139612745,0.27026256728664755,3.543856866585798,0.5,24,0.33757047244946825,1.6806446981079914,0.7472368038532077,1.7744512707988636
0.4428328758900033,-0.2209704139612745,0.27026256728664755,3.543856856585798,0.5,24,0.3375704724530207,1.6806446981211915,0.7472368038424898,1.7744512710639249
0.4428328758900033,-0.2209704139612745,0.27026257728664754,3.543856856585798,0.5,24,0.33757047646241456,1.6806447054482392,0.7472368041371621,1.774451272073471
0.4428328858900033,-0.2209704139612745,0.27026256728664755,3.543856856585798,0.5,24,0.33757048529551964,1.6806447160892815,0.7472367988330649,1.7744512832173194
0.4428328758900033,-0.2209704139612745,0.27026256728664755,3.543856856585798,0.50000001,24,0.33757048138775664,1.68064473762422,0.7472368059727754,1.7744512998005237
0.33882765571466855,0.0014219627690948127,0.48987077118363487,3.4959188671406887,0.5,24,0.292788311646655,1.6835288174870737,0.811601750502822,1.8328447004271498
0.33882764571466856,0.0014219727690948127,0.48987077118363487,3.4959188671406887,0.5,24,0.2927883147423218,1.68352883241162,0.8116017545876177,1.8328447105041132
0.33882764571466856,0.0014219627690948127,0.48987077118363487,3.4959188771406886,0.5,24,0.29278831641772646,1.683528834267819,0.811601754675455,1.8328447100154617
0.33882764571466856,0.0014219627690948127,0.48987077118363487,3.4959188671406887,0.5,24,0.29278831645256254,1.6835288343886061,0.8116017546545464,1.8328447102776373
0.33882764571466856,0.0014219627690948127,0.48987078118363486,3.4959188671406887,0.5,24,0.2927883190435429,1.6835288418245942,0.8116017557258869,1.8328447146912121
0.33882764571466856,0.0014219627690948127,0.48987077118363487,3.4959188671406887,0.50000001,24,0.29278832688964657,1.6835288802466934,0.8116017568277272,1.8328447402467696
0.3637408958589799,0.005199405412434086,0.5544748067311154,3.513314494566,0.5,24,0.2978299577462226,1.6906555056204555,0.809530102580757,1.8401826521874567
0.3637408858589799,0.005199415412434086,0.5544748067311154,3.513314494566,0.5,24,0.2978299589536019,1.690655516508677,0.8095301061237801,1.8401826593725694
0.3637408858589799,0.005199405412434086,0.5544748067311154,3.513314504566,0.5,24,0.29782996032173725,1.690655518262167,0.8095301062087045,1.840182658827203
0.3637408858589799,0.005199405412434086,0.5544748067311154,3.513314494566,0.5,24,0.29782996036351655,1.6906555183944838,0.809530106187558,1.8401826590669241
0.3637408858589799,0.005199405412434086,0.5544748167311154,3.513314494566,0.5,24,0.2978299623081634,1.6906555247099826,0.8095301074262253,1.8401826632805873
0.3637408858589799,0.005199405412434086,0.5544748067311154,3.513314494566,0.50000001,24,0.2978299707888153,1.6906555636541754,0.8095301083108304,1.8401826885642487
0.3665092780994883,0.005619158325655509,0.561653666792626,3.5152475127421896,0.5,24,0.2984333575394076,1.6915475601320877,0.8094330316347791,1.8412864337824804
0.3665092680994883,0.0056191683256555085,0.561653666792626,3.5152475127421896,0.5,24,0.2984333586149773,1.691547570712504,0.8094330351251381,1.841286440749179
0.3665092680994883,0.005619158325655509,0.561653666792626,3.5152475227421895,0.5,24,0.2984333599504706,1.6915475724530598,0.8094330352097112,1.841286440198048
0.3665092680994883,0.005619158325655509,0.561653666792626,3.5152475127421896,0.5,24,0.2984333599928771,1.6915475725864217,0.8094330351885445,1.8412864404353966
0.3665092680994883,0.005619158325655509,0.561653676792626,3.5152475127421896,0.5,24,0.2984333618698643,1.6915475787752527,0.8094330364364812,1.8412864446062014
0.3665092680994883,0.005619158325655509,0.561653666792626,3.5152475127421896,0.50000001,24,0.2984333704130809,1.6915476177822746,0.8094330373070066,1.8412864698868427
0.47578846566673955,-0.03369635098220635,0.7462345885841479,3.5845705402172454,0.5,24,0.3143516056012777,1.6948258664666795,0.8022672350211316,1.857826991517812
0.47578845566673955,-0.03369634098220635,0.7462345885841479,3.5845705402172454,0.5,24,0.3143516041279489,1.694825868424063,0.80226723734322,1.8578269940143601
0.47578845566673955,-0.03369635098220635,0.7462345885841479,3.5845705502172454,0.5,24,0.31435160495754405,1.694825871328552,0.8022672374641323,1.8578269935745315
0.47578845566673955,-0.03369635098220635,0.7462345885841479,3.5845705402172454,0.5,24,0.3143516049999894,1.694825871444301,0.8022672374450882,1.8578269937350351
0.47578845566673955,-0.03369635098220635,0.746234598584148,3.5845705402172454,0.5,24,0.31435160510581434,1.6948258741168478,0.8022672387509446,1.8578269962022649
0.47578845566673955,-0.03369635098220635,0.7462345885841479,3.5845705402172454,0.50000001,24,0.3143516150433184,1.6948259139530013,0.8022672394663553,1.857827022023197
0.49277104887629175,-0.046434637219135474,0.763763259111169,3.5945218669020327,0.5,24,0.31662715118067203,1.6951465326703632,0.800680889838653,1.8580261620602072
0.49277103887629176,-0.04643462721913547,0.763763259111169,3.5945218669020327,0.5,24,0.3166271494889725,1.6951465337393232,0.8006808920533848,1.8580261641319264
0.49277103887629176,-0.046434637219135474,0.763763259111169,3.5945218769020326,0.5,24,0.31662715028895433,1.695146536834549,0.8006808921860852,1.8580261637216924
0.49277103887629176,-0.046434637219135474,0.763763259111169,3.5945218669020327,0.5,24,0.31662715032854016,1.6951465369408687,0.8006808921676593,1.8580261638723399
0.49277103887629176,-0.046434637219135474,0.7637632691111691,3.5945218669020327,0.5,24,0.3166271502066178,1.6951465391731193,0.8006808934768757,1.8580261660943256
0.49277103887629176,-0.046434637219135474,0.763763259111169,3.5945218669020327,0.50000001,24,0.31662716030931853,1.695146579065411,0.8006808941811703,1.858026192018233
0.49291558784752504,-0.04654305292746691,0.7639124458381705,3.594606562763886,0.5,24,0.31664641414664196,1.695151938270854,0.8006681596953469,1.8580290372617285
0.49291557784752504,-0.04654304292746691,0.7639124458381705,3.594606562763886,0.5,24,0.3166464124533526,1.6951519393331282,0.8006681619091878,1.8580290393301624
0.49291557784752504,-0.04654305292746691,0.7639124458381705,3.594606572763886,0.5,24,0.3166464132530636,1.695151942429726,0.8006681620419883,1.858029038920152
0.49291557784752504,-0.04654305292746691,0.7639124458381705,3.594606562763886,0.5,24,0.31664641329262366,1.6951519425359631,0.8006681620235678,1.858029039070717
0.49291557784752504,-0.04654305292746691,0.7639124558381706,3.594606562763886,0.5,24,0.31664641316884723,1.6951519447646193,0.8006681633327977,1.8580290412906806
0.49291557784752504,-0.04654305292746691,0.7639124458381705,3.594606562763886,0.50000001,24,0.3166464232728841,1.6951519846573992,0.8006681640370157,1.8580290672154363
0.4324634428948625,0.0009264240380839062,0.7063771799828266,3.559172299502286,0.5,24,0.30913587380017554,1.7000271245077663,0.8078221318238794,1.8608593467156656
0.4324634328948625,0.0009264340380839062,0.7063771799828266,3.559172299502286,0.5,24,0.30913587338756965,1.7000271301907728,0.8078221344324457,1.8608593508380609
0.4324634328948625,0.0009264240380839062,0.7063771799828266,3.559172309502286,0.5,24,0.3091358742229873,1.7000271321683535,0.8078221345214084,1.8608593502671467
0.4324634328948625,0.0009264240380839062,0.7063771799828266,3.559172299502286,0.5,24,0.3091358742715449,1.7000271323074803,0.8078221345006434,1.8608593504548907
0.4324634328948625,0.0009264240380839062,0.7063771899828266,3.559172299502286,0.5,24,0.3091358750695825,1.7000271362923016,0.8078221357673606,1.8608593536179565
0.4324634328948625,0.0009264240380839062,0.7063771799828266,3.559172299502286,0.50000001,24,0.30913588450403423,1.7000271760097407,0.8078221365436933,1.8608593791413277
0.4246711555400203,0.004645691569351795,0.6934735641638559,3.554617202374481,0.5,24,0.30815865581702656,1.7003050394191668,0.8082643729900657,1.8599455714145807
0.4246711455400203,0.004645701569351795,0.6934735641638559,3.554617202374481,0.5,24,0.3081586555390942,1.7003050456882949,0.8082643756717357,1.859945575789275
0.4246711455400203,0.004645691569351795,0.6934735641638559,3.554617212374481,0.5,24,0.30815865639233914,1.700305047530133,0.8082643757572421,1.8599455752018104
0.4246711455400203,0.004645691569351795,0.6934735641638559,3.554617202374481,0.5,24,0.30815865644129725,1.7003050476714807,0.8082643757362865,1.8599455753949907
0.4246711455400203,0.004645691569351795,0.6934735741638559,3.554617202374481,0.5,24,0.30815865733767267,1.700305051862852,0.808264377005407,1.8599455786663002
0.4246711455400203,0.004645691569351795,0.6934735641638559,3.554617202374481,0.50000001,24,0.30815866669794006,1.7003050915669418,0.8082643777850167,1.8599456041511808
0.5701901237854583,-0.10722215168856253,0.8374584142710766,3.6399013427312386,0.5,24,0.3265792630380405,1.7013929881218648,0.7947145780302924,1.8601073880752845
0.5701901337854584,-0.10722216168856252,0.8374584142710766,3.6399013427312386,0.5,24,0.32657926527635767,1.701392989405367,0.7947145762363298,1.8601073873151848
0.5701901237854583,-0.10722216168856252,0.8374584142710766,3.6399013527312385,0.5,24,0.32657926370205953,1.7013929916092925,0.7947145782194006,1.860107387753635
0.5701901237854583,-0.10722216168856252,0.8374584142710766,3.6399013427312386,0.5,24,0.32657926372525686,1.7013929916675172,0.7947145782038052,1.860107387862745
0.5701901237854583,-0.10722216168856252,0.8374584242710766,3.6399013427312386,0.5,24,0.326579262730456,1.7013929922085322,0.7947145795085939,1.8601073891077025
0.5701901237854583,-0.10722216168856252,0.8374584142710766,3.6399013427312386,0.50000001,24,0.3265792734338931,1.7013930324142228,0.7947145801890946,1.8601074154394048
0.9174241465479501,-0.37988439482463005,1.1679380329728544,3.843433935091449,0.5,24,0.33690278719638334,1.702778595531479,0.794103581989074,1.8693837434710294
0.9174241565479502,-0.37988440482463004,1.1679380329728544,3.843433935091449,0.5,24,0.336902788602018,1.7027785965391244,0.7941035814920316,1.869383743645697
0.9174241465479501,-0.37988440482463004,1.1679380429728543,3.843433935091449,0.5,24,0.33690278561963793,1.7027785967828561,0.7941035834827319,1.8693837432882152
0.9174241465479501,-0.37988440482463004,1.1679380329728544,3.843433935091449,0.5,24,0.33690278739147134,1.70277859821886,0.7941035824293573,1.8693837433614755
0.9174241465479501,-0.37988440482463004,1.1679380329728544,3.8434339450914488,0.5,24,0.3369027874520677,1.702778598376145,0.7941035824342507,1.8693837434071305
0.9174241465479501,-0.37988440482463004,1.1679380329728544,3.843433935091449,0.50000001,24,0.336902796611016,1.702778637206178,0.7941035843577647,1.8693837700462725
0.9942981100295698,-0.47000435370497035,1.2457507541730455,3.892238467488626,0.5,24,0.33412870700152814,1.703056250027736,0.7998562694777339,1.8706304932587172
0.9942981200295699,-0.47000436370497034,1.2457507541730455,3.892238467488626,0.5,24,0.33412870809617157,1.703056250594221,0.7998562692345516,1.8706304934167373
0.9942981100295698,-0.47000436370497034,1.2457507641730454,3.892238467488626,0.5,24,0.33412870571614545,1.7030562517382193,0.799856270992297,1.8706304932732074
0.9942981100295698,-0.47000436370497034,1.2457507541730455,3.892238467488626,0.5,24,0.33412870728964095,1.7030562529603752,0.7998562700069518,1.8706304932599878
0.9942981100295698,-0.47000436370497034,1.2457507541730455,3.892238477488626,0.5,24,0.33412870737370914,1.7030562531786217,0.7998562700089309,1.870630493339867
0.9942981100295698,-0.47000436370497034,1.2457507541730455,3.892238467488626,0.50000001,24,0.3341287166723918,1.703056292245592,0.7998562719311006,1.8706305200182136
1.0,-0.4805212501475764,1.252255892683915,3.895913693200319,0.5,24,0.33390655054448004,1.704095284435538,0.8006210841202586,1.8707677988382463
1.0,-0.4805212601475764,1.2522559026839148,3.895913693200319,0.5,24,0.3339065493146115,1.7040952862581213,0.8006210856392721,1.8707677988853495
1.0,-0.4805212601475764,1.252255892683915,3.895913693200319,0.5,24,0.3339065508627217,1.7040952874480357,0.8006210846599163,1.87076779885675
1.0,-0.4805212601475764,1.252255892683915,3.895913703200319,0.5,24,0.3339065509494253,1.7040952876732507,0.8006210846615696,1.870767798939884
0.99999999,-0.4805212601475764,1.252255892683915,3.895913693200319,0.5,24,0.3339065501154412,1.70409528993664,0.8006210854201662,1.8707677987210993
1.0,-0.4805212601475764,1.252255892683915,3.895913693200319,0.50000001,24,0.3339065602797585,1.7040953267984116,0.8006210865838974,1.8707678256308384
0.6198363850862005,-0.14620641037924614,0.884709191640495,3.6690016946585726,0.5,24,0.3315230930735808,1.7060356244805899,0.7923508315706447,1.8621780177854903
0.6198363950862006,-0.14620642037924614,0.884709191640495,3.6690016946585726,0.5,24,0.3315230953667461,1.7060356262789858,0.7923508300098244,1.862178017450848
0.6198363850862005,-0.14620642037924614,0.884709201640495,3.6690016946585726,0.5,24,0.33152309229811605,1.7060356277853728,0.7923508330644576,1.8621780183726955
0.6198363850862005,-0.14620642037924614,0.884709191640495,3.6690017046585726,0.5,24,0.3315230936550868,1.7060356279708166,0.7923508317960795,1.8621780174991462
0.6198363850862005,-0.14620642037924614,0.884709191640495,3.6690016946585726,0.5,24,0.33152309366626403,1.7060356279966786,0.7923508317822041,1.8621780175832596
0.6198363850862005,-0.14620642037924614,0.884709191640495,3.6690016946585726,0.50000001,24,0.33152310323107176,1.706035668159184,0.7923508337536938,1.862178044883652
0.7800876078806107,-0.27204217245348455,1.0372281256558258,3.762933581127398,0.5,24,0.33859938398749817,1.710676680505774,0.7904496772703264,1.8671088695359033
0.7800876178806108,-0.27204218245348455,1.0372281256558258,3.762933581127398,0.5,24,0.3385993858899817,1.7106766821705135,0.7904496763347566,1.867108869669592
0.7800876078806107,-0.27204218245348455,1.0372281356558257,3.762933581127398,0.5,24,0.3385993824831006,1.7106766822435668,0.7904496787710028,1.867108869411482
0.7800876078806107,-0.27204218245348455,1.0372281256558258,3.762933581127398,0.5,24,0.33859938433489095,1.7106766835958838,0.7904496776049362,1.8671088693687665
0.7800876078806107,-0.27204218245348455,1.0372281256558258,3.762933591127398,0.5,24,0.33859938436391346,1.710676683673046,0.7904496776137117,1.8671088693590334
0.7800876078806107,-0.27204218245348455,1.0372281256558258,3.762933581127398,0.50000001,24,0.338599393618775,1.7106767228101918,0.7904496795470376,1.867108896168657
1.0,-0.5265484238750145,1.1812511668469678,3.902084926344843,0.5,24,0.35019156913668614,1.733359400569802,0.7958463362175522,1.8737859194580557
1.0,-0.5265484338750146,1.1812511768469678,3.902084926344843,0.5,24,0.3501915672708447,1.7333594016566727,0.7958463378991638,1.8737859187588448
1.0,-0.5265484338750146,1.1812511668469678,3.902084926344843,0.5,24,0.3501915697419474,1.7333594043507135,0.7958463368024083,1.873785919580059
1.0,-0.5265484338750146,1.1812511668469678,3.902084936344843,0.5,24,0.3501915698440972,1.7333594046078418,0.7958463368026959,1.8737859196718454
0.99999999,-0.5265484338750146,1.1812511668469678,3.902084926344843,0.5,24,0.3501915685813944,1.7333594063804905,0.7958463376146807,1.8737859187881578
1.0,-0.5265484338750146,1.1812511668469678,3.902084926344843,0.50000001,24,0.3501915788379509,1.7333594429569745,0.7958463387216739,1.8737859457927173
0.25956592929298133,-0.010596009346761772,0.2843323762723411,3.4405745018982796,0.5,24,0.3548441750438374,1.8547287251807085,0.8549160297385396,2.0104099343422557
0.25956591929298134,-0.010596009346761772,0.2843323862723411,3.4405745018982796,0.5,24,0.3548442009582616,1.8547287802010937,0.8549160349294466,2.0104099656211507
0.25956591929298134,-0.010595999346761772,0.2843323762723411,3.4405745018982796,0.5,24,0.3548441983101172,1.8547287832551262,0.8549160368727158,2.0104099768465282
0.25956591929298134,-0.010596009346761772,0.2843323762723411,3.4405745118982796,0.5,24,0.3548442009249502,1.8547287850652876,0.8549160369633448,2.010409976520255
0.25956591929298134,-0.010596009346761772,0.2843323762723411,3.4405745018982796,0.5,24,0.3548442009240679,1.8547287851183265,0.854916036944488,2.0104099768702857
0.25956591929298134,-0.010596009346761772,0.2843323762723411,3.4405745018982796,0.50000001,24,0.35484421027660673,1.854728831473199,0.8549160393212258,2.010410008326741
0.30510525859092147,-0.16359740242556992,0.1471323755109722,3.4558668256228837,0.5,24,0.33381402178519093,1.8619604928046707,0.8643295714937794,2.07710587636573
0.3051052485909215,-0.16359740242556992,0.14713238551097219,3.4558668256228837,0.5,24,0.33381403978177365,1.8619605302388353,0.8643295762786004,2.0771058962073945
0.3051052485909215,-0.16359739242556992,0.1471323755109722,3.4558668256228837,0.5,24,0.3338140365885147,1.8619605365100351,0.8643295804422683,2.0771059198748025
0.3051052485909215,-0.16359740242556992,0.1471323755109722,3.4558668356228837,0.5,24,0.3338140431202698,1.861960548615812,0.8643295806741353,2.077105921410544
0.3051052485909215,-0.16359740242556992,0.1471323755109722,3.4558668256228837,0.5,24,0.3338140431180923,1.8619605486254185,0.8643295806614036,2.0771059217990993
0.3051052485909215,-0.16359740242556992,0.1471323755109722,3.4558668256228837,0.50000001,24,0.33381405352474125,1.8619605952126381,0.8643295830084291,2.0771059576576065
1.0,0.3150167222721211,0.9662939515323462,3.8984728193975706,0.5,24,0.4968317600755408,1.8825119494671774,0.7543471698029077,2.0016884922640807
0.99999999,0.3150167222721211,0.9662939415323462,3.8984728193975706,0.5,24,0.4968317617718273,1.882511951998737,0.7543471692568392,2.001688493344442
1.0,0.3150167222721211,0.9662939415323462,3.8984728293975706,0.5,24,0.4968317678304514,1.8825119611915544,0.7543471683222303,2.001688498631005
1.0,0.3150167222721211,0.9662939415323462,3.8984728193975706,0.5,24,0.496831768038228,1.8825119616449701,0.7543471682979916,2.001688498900204
1.0,0.31501673227212107,0.9662939415323462,3.8984728193975706,0.5,24,0.49683176885722835,1.8825119635586816,0.7543471685582531,2.001688500273747
1.0,0.3150167222721211,0.9662939415323462,3.8984728193975706,0.50000001,24,0.49683177208213736,1.88251198798229,0.7543471701851511,2.0016885197999503
1.0,-0.1621468149944899,2.6611219597748863,3.840763445985875,0.5,24,0.42695593553528677,1.8884698560602804,0.8465841592538255,2.056890456610904
1.0,-0.1621468149944899,2.6611219597748863,3.8407634559858748,0.5,24,0.4269559355671914,1.888469856109962,0.8465841592664481,2.0568904566355317
1.0,-0.1621468049944899,2.6611219597748863,3.840763445985875,0.5,24,0.42695593608494176,1.8884698563283209,0.8465841590254363,2.0568904572352538
1.0,-0.1621468149944899,2.6611219697748862,3.840763445985875,0.5,24,0.4269559362516247,1.8884698573788443,0.8465841594032603,2.056890457501329
0.99999999,-0.1621468149944899,2.6611219597748863,3.840763445985875,0.5,24,0.4269559366402803,1.8884698592118525,0.8465841594833018,2.056890457953924
1.0,-0.1621468149944899,2.6611219597748863,3.840763445985875,0.50000001,24,0.4269559442058909,1.8884698920982825,0.8465841612124616,2.056890482177594
1.0,0.029913438241176427,2.9153398612289574,3.8277873731795156,0.5,24,0.4555044124473327,1.9328432377367797,0.8473584064102054,2.0920014714377544
1.0,0.029913438241176427,2.9153398612289574,3.8277873631795156,0.5,24,0.45550441247922013,1.9328432378489155,0.84735840639072,2.092001471493245
1.0,0.029913448241176428,2.9153398612289574,3.8277873631795156,0.5,24,0.4555044131419122,1.9328432389328736,0.847358406353829,2.092001472379368
1.0,0.029913438241176427,2.9153398712289573,3.8277873631795156,0.5,24,0.4555044130829489,1.9328432389434058,0.8473584065061623,2.0920014722247693
0.99999999,0.029913438241176427,2.9153398612289574,3.8277873631795156,0.5,24,0.4555044134345028,1.932843240149878,0.8473584065843153,2.092001472670312
1.0,0.029913438241176427,2.9153398612289574,3.8277873631795156,0.50000001,24,0.4555044206542255,1.9328432721040796,0.8473584083497818,2.0920014965044267
1.0,0.07792850155009301,2.978894336592475,3.8245433524779258,0.5,24,0.46249597408017373,1.9452416342021468,0.8480011489831465,2.1009654826255555
1.0,0.07792850155009301,2.978894336592475,3.824543342477926,0.5,24,0.46249597412951676,1.9452416343573409,0.8480011489619235,2.100965482702878
1.0,0.07792850155009301,2.978894346592475,3.824543342477926,0.5,24,0.4624959747074352,1.9452416354022362,0.8480011490704804,2.100965483399583
1.0,0.077928511550093,2.978894336592475,3.824543342477926,0.5,24,0.4624959748093253,1.9452416355860804,0.8480011489729191,2.1009654836514575
0.99999999,0.07792850155009301,2.978894336592475,3.824543342477926,0.5,24,0.4624959750571752,1.9452416365235277,0.8480011491478178,2.100965483843678
1.0,0.07792850155009301,2.978894336592475,3.824543342477926,0.50000001,24,0.46249598219656773,1.9452416682477853,0.8480011509210094,2.1009655075838176
1.0,-0.9464343919029028,1.2885007624089289,3.903887131451717,0.5,24,0.4919065370365849,2.1108055007470585,0.8400850213368792,1.9046662355717754
1.0,-0.9464344019029028,1.2885007724089288,3.903887131451717,0.5,24,0.4919065443598018,2.1108055168229405,0.8400850232715674,1.904666237413381
1.0,-0.9464344019029028,1.2885007624089289,3.903887131451717,0.5,24,0.49190654537214945,2.1108055172829703,0.840085022343064,1.904666237116337
1.0,-0.9464344019029028,1.2885007624089289,3.903887141451717,0.5,24,0.49190654556605407,2.110805517806056,0.8400850223303917,1.9046662371874932
0.99999999,-0.9464344019029028,1.2885007624089289,3.903887131451717,0.5,24,0.4919065530636003,2.110805533908256,0.840085023080635,1.9046662384215045
1.0,-0.9464344019029028,1.2885007624089289,3.903887131451717,0.50000001,24,0.49190655501616326,2.1108055546397533,0.8400850242739507,1.9046662641095644
1.0,-0.9303878179371553,1.644250353958602,3.8926677772113116,0.5,24,0.4811602064695083,2.1237832631766707,0.8638199738120665,1.9411266626128
1.0,-0.9303878279371554,1.644250353958602,3.8926677772113116,0.5,24,0.48116021446488744,2.123783279094418,0.863819974804928,1.9411266639239848
1.0,-0.9303878279371554,1.644250353958602,3.8926677872113116,0.5,24,0.48116021465043773,2.1237832796212825,0.8638199747920438,1.9411266640319924
1.0,-0.9303878279371554,1.644250363958602,3.8926677772113116,0.5,24,0.4811602151853797,2.123783281038786,0.8638199753409231,1.9411266653826553
0.99999999,-0.9303878279371554,1.644250353958602,3.8926677772113116,0.5,24,0.48116022347640824,2.123783297750137,0.8638199753302106,1.9411266664019258
1.0,-0.9303878279371554,1.644250353958602,3.8926677772113116,0.50000001,24,0.48116022511381956,2.123783318289819,0.8638199767517691,1.9411266915294796
0.23074146321125305,0.15932670703109741,0.5143884963877114,3.440932165271195,0.5,24,0.5030901750252578,2.2253845953829523,0.8608340683152995,2.0721930914462283
0.23074145321125306,0.15932670703109741,0.5143884963877114,3.440932175271195,0.5,24,0.5030902042381384,2.225384657185532,0.860834072974425,2.072193119353764
0.23074145321125306,0.15932670703109741,0.5143884963877114,3.440932165271195,0.5,24,0.5030902042697303,2.2253846573601757,0.8608340729450444,2.072193119878479
0.23074145321125306,0.15932670703109741,0.5143885063877115,3.440932165271195,0.5,24,0.5030902056510743,2.2253846627489966,0.8608340732046753,2.0721931210567694
0.23074145321125306,0.1593267170310974,0.5143884963877114,3.440932165271195,0.5,24,0.5030902158762152,2.2253846803830135,0.8608340730310244,2.07219312366115
0.23074145321125306,0.15932670703109741,0.5143884963877114,3.440932165271195,0.50000001,24,0.5030902139097891,2.225384700801741,0.8608340751693435,2.072193147537816
0.15539096272698272,-0.02639142410595764,0.014189945813566807,3.3678345092305593,0.5,24,0.575826885129819,2.7259865462851818,0.9839016719894269,2.942577260773755
0.15539095272698272,-0.02639142410595764,0.014189945813566807,3.367834519230559,0.5,24,0.5758268967915114,2.725986576369544,0.9839016728529038,2.9425772665455585
0.15539095272698272,-0.02639142410595764,0.014189945813566807,3.3678345092305593,0.5,24,0.5758268967794524,2.7259865763844773,0.983901672834036,2.9425772671666492
0.15539095272698272,-0.02639142410595764,0.014189955813566807,3.3678345092305593,0.5,24,0.5758268967794524,2.7259865763844773,0.9839016728340357,2.942577266541759
0.15539095272698272,-0.026391414105957637,0.014189945813566807,3.3678345092305593,0.5,24,0.5758268944858304,2.725986577068131,0.9839016727481791,2.9425772674860973
0.15539095272698272,-0.02639142410595764,0.014189945813566807,3.3678345092305593,0.50000001,24,0.5758269090333139,2.7259866223381812,0.9839016759742445,2.942577302053068
0.12763077059832273,0.22744957249994513,0.3868816295555846,3.3805597063707413,0.5,24,1.1173750424758784,3.500630019839121,0.9288996619129807,2.6886443033389806
0.12763076059832273,0.22744957249994513,0.3868816395555846,3.3805597063707413,0.5,24,1.1173750939001623,3.500630138088048,0.9288996667449883,2.688644351359516
0.12763076059832273,0.22744957249994513,0.3868816295555846,3.3805597163707413,0.5,24,1.1173751000114431,3.500630154558152,0.9288996688447574,2.6886443708311214
0.12763076059832273,0.22744957249994513,0.3868816295555846,3.3805597063707413,0.5,24,1.1173751000292713,3.5006301546874816,0.9288996688125732,2.688644371933066
0.12763076059832273,0.22744957249994513,0.3868816295555846,3.3805597063707413,0.50000001,24,1.1173750972463643,3.5006301699991296,0.9288996712394179,2.6886443887027247
0.12763076059832273,0.22744958249994512,0.3868816295555846,3.3805597063707413,0.5,24,1.1173751215042398,3.500630203035952,0.9288996689686893,2.688644379871733
0.27724502863121986,0.37601467967033386,0.22035293983143434,3.729737845115327,1.1864290982484818,24,1.232270915999804,5.005460468018288,1.0196386631714116,4.1534296483743125
0.27724501863121986,0.37601467967033386,0.22035294983143433,3.729737845115327,1.1864290982484818,24,1.232270933445068,5.005460505009242,1.0196386676940707,4.153429654896378
0.27724501863121986,0.37601467967033386,0.22035293983143434,3.729737855115327,1.1864290982484818,24,1.2322709371864862,5.005460516094124,1.0196386735189913,4.153429681533737
0.27724501863121986,0.37601467967033386,0.22035293983143434,3.729737845115327,1.1864290982484818,24,1.2322709372717782,5.005460516344488,1.0196386734841625,4.153429682481792
0.27724501863121986,0.37601467967033386,0.22035293983143434,3.729737845115327,1.1864290982484818,24,1.2322709372717782,5.005460516344488,1.0196386734841625,4.153429682481792
0.27724501863121986,0.37601468967033386,0.22035293983143434,3.729737845115327,1.1864290982484818,24,1.2322709455489849,5.005460532572783,1.0196386737914953,4.153429685462654
0.27724501863121986,0.37601467967033386,0.22035293983143434,3.729737845115327,1.1864291082484817,24,1.2322709459986545,5.0054605482958285,1.0196386752094304,4.153429708236958
-0.13474509119987488,-0.15132948756217957,1.599410814493574,1.6542973981345155,1.6622961908578873,24,1.9158182402678576,6.983202793151914,1.0427130982358392,5.13600007430102
-0.13474509119987488,-0.15132948756217957,0.8685254331366219,1.6542973981345155,1.6622961908578873,24,1.9536280132087127,7.083965477694416,1.1036691222311477,5.423019270799148
-0.13474509119987488,-0.15132948756217957,0.8685254331366219,0.6278606491397094,1.6622961908578873,24,1.9980905265335154,7.310826577718209,1.0059384504580409,5.82799659244098
-0.47906164824962616,-0.38029199838638306,1.9040462705504189,3.677200630882748,1.7151994109153748,24,2.230090230078996,7.703781939294488,1.1234588595013608,5.1281634151806825
-0.13474509119987488,0.6750725507736206,1.599410814493574,1.6542973981345155,1.6622961908578873,24,2.4042874324551278,8.349765141732961,1.0288763225464421,5.5410736407132335
1.0,-1.0,0.10096131100749961,3.941338828083867,0.50000001,24,2.71728741149622,8.590932054594328,0.7568276002074231,6.8866265923577785
1.0,-1.0,0.1009613210074996,3.941338828083867,0.5,24,2.7172874043574775,8.59093205478723,0.7568275960538693,6.8866265387437835
0.99999999,-1.0,0.10096131100749961,3.941338828083867,0.5,24,2.7172874302405883,8.590932159937486,0.756827598081795,6.886626636504814
1.0,-0.99999999,0.10096131100749961,3.941338828083867,0.5,24,2.7172874213540164,8.590932181211002,0.7568275984194826,6.8866266968600796
1.0,-1.0,0.10096131100749961,3.941338828083867,0.5,24,2.7172874309923016,8.590932197580365,0.7568275994547989,6.886626697917215
1.0,-1.0,0.10096131100749961,3.9413388380838668,0.5,24,2.717287431142558,8.590932199208918,0.7568275994487491,6.886626698589585
0.7835075068757817,0.556661529815222,3.386615429128766,3.100384693715871,2.8670759543817574,24,2.498376391521205,8.93295095087237,0.942775080992913,6.51422014425879
-0.13474509119987488,-0.15132948756217957,0.8685254331366219,0.6278606491397094,2.3813489209860563,24,2.570329379606925,8.996857420115683,1.0085240469683938,6.980536459985356
-0.9410124755099107,-0.04100763790812123,3.472446945640809,2.365370710832213,1.5,24,2.690270195588645,9.06009445847807,1.1632059204280563,4.860863012785276
-0.3073287904262543,-0.20855913311243057,1.5157791326852978,2.5102410085210227,2.8869322650134563,24,2.8901091308047726,9.7648302658359,1.0896875166838114,6.882200107545949
-0.9203690588474274,0.6750725507736206,1.599410814493574,1.6542973981345155,1.6622961908578873,24,2.8856022395284775,10.755897261607746,1.2200317913414802,6.275802186310393
-0.7241524010896683,0.7630214393138885,0.3773597040029524,2.150514067039108,1.8585128486156464,24,4.132044766833476,13.442472735081521,2.3121765488771175,10.495411096193466
-0.23750951767964634,0.5013337822190258,0.01,3.1665975458394495,0.50000001,24,4.435075888059053,19.406121634576436,2.31932332347163,15.169089243779673
-0.23750950767964635,0.5013337822190258,0.01,3.1665975458394495,0.5,24,4.435075900576929,19.40612184574793,2.3193233190997273,15.169089409570795
-0.23750951767964634,0.5013337822190258,0.01,3.1665975558394495,0.5,24,4.435075904759724,19.406121934950352,2.3193233203753674,15.16908942223277
-0.23750951767964634,0.5013337822190258,0.01000001,3.1665975458394495,0.5,24,4.435075904963583,19.40612193586007,2.319323320337237,15.169089422870908
-0.23750951767964634,0.5013337822190258,0.01,3.1665975458394495,0.5,24,4.435075904963583,19.40612193586007,2.319323320337237,15.169089429215767
-0.23750951767964634,0.5013337922190259,0.01,3.1665975458394495,0.5,24,4.4350759020311035,19.40612200826343,2.3193233207868587,15.169089445979276
